week,week_title,week_day,day,duration,title,is_break,is_lunch,is_flex_time,is_ticket,omit,is_activity,is_lab,effective_duration,m_cumulative_duration,m_cumulative_duration_%,m_day,mc_week_title,m_date
1,"Introduction, cloud foundations",1,1,20.00,Opening,FALSE,FALSE,FALSE,FALSE,FALSE,FALSE,FALSE,20,20,11%,1,,09/01/2024
1,"Introduction, cloud foundations",1,1,45.00,Welcome & Expectations,FALSE,FALSE,FALSE,FALSE,FALSE,FALSE,FALSE,45,65,36%,1,,09/01/2024
1,"Introduction, cloud foundations",1,1,15.00,Break,TRUE,FALSE,FALSE,FALSE,TRUE,FALSE,FALSE,0,65,36%,1,,09/01/2024
1,"Introduction, cloud foundations",1,1,60.00,Program Overview and Introductions,FALSE,FALSE,FALSE,FALSE,FALSE,FALSE,FALSE,60,125,69%,1,,09/01/2024
1,"Introduction, cloud foundations",1,1,30.00,Curriculum Overview,FALSE,FALSE,FALSE,FALSE,FALSE,FALSE,FALSE,30,155,86%,1,,09/01/2024
1,"Introduction, cloud foundations",1,1,45.00,Lunch,FALSE,TRUE,FALSE,FALSE,TRUE,FALSE,FALSE,0,155,86%,1,,09/01/2024
1,"Introduction, cloud foundations",1,1,45.00,Vendor Introduction,FALSE,FALSE,FALSE,FALSE,FALSE,FALSE,FALSE,45,45,25%,2,,10/01/2024
1,"Introduction, cloud foundations",1,1,15.00,Break,TRUE,FALSE,FALSE,FALSE,TRUE,FALSE,FALSE,0,45,25%,2,,10/01/2024
1,"Introduction, cloud foundations",1,1,45.00,Self-Assessment Who Am I?,FALSE,FALSE,FALSE,FALSE,FALSE,FALSE,FALSE,45,90,50%,2,,10/01/2024
1,"Introduction, cloud foundations",1,1,30.00,Activity: Introduction to Amazon Leadership Principles,FALSE,FALSE,FALSE,FALSE,FALSE,TRUE,FALSE,30,120,67%,2,,10/01/2024
1,"Introduction, cloud foundations",1,1,15.00,Introduce Exit Ticket Activity,FALSE,FALSE,FALSE,TRUE,FALSE,FALSE,FALSE,15,135,75%,2,,10/01/2024
1,"Introduction, cloud foundations",1,1,20.00,Exit Ticket,FALSE,FALSE,FALSE,TRUE,FALSE,FALSE,FALSE,20,155,86%,2,,10/01/2024
1,"Introduction, cloud foundations",1,1,65.00,Flex Time,FALSE,FALSE,TRUE,FALSE,FALSE,FALSE,FALSE,65,65,36%,3,,11/01/2024
1,"Introduction, cloud foundations",2,2,20.00,Recap,FALSE,FALSE,FALSE,FALSE,FALSE,FALSE,FALSE,20,85,47%,3,,11/01/2024
1,"Introduction, cloud foundations",2,2,120.00,Activity: Think Big,FALSE,FALSE,FALSE,FALSE,FALSE,TRUE,FALSE,120,120,67%,3,,11/01/2024
1,"Introduction, cloud foundations",2,2,15.00,Break,TRUE,FALSE,FALSE,FALSE,TRUE,FALSE,FALSE,0,120,67%,3,,11/01/2024
1,"Introduction, cloud foundations",2,2,55.00,Introduction to Computing and Knowledge Check,FALSE,FALSE,FALSE,FALSE,FALSE,FALSE,FALSE,55,175,97%,3,,11/01/2024
1,"Introduction, cloud foundations",2,2,45.00,Lunch,FALSE,TRUE,FALSE,FALSE,TRUE,FALSE,FALSE,0,175,97%,3,,11/01/2024
1,"Introduction, cloud foundations",2,2,60.00,Basic Computing Concepts and Knowledge Check,FALSE,FALSE,FALSE,FALSE,FALSE,FALSE,FALSE,60,60,33%,4,,12/01/2024
1,"Introduction, cloud foundations",2,2,15.00,Break,TRUE,FALSE,FALSE,FALSE,TRUE,FALSE,FALSE,0,60,33%,4,,12/01/2024
1,"Introduction, cloud foundations",2,2,40.00,Development Team Roles and Knowledge Check,FALSE,FALSE,FALSE,FALSE,FALSE,FALSE,FALSE,40,100,56%,4,,12/01/2024
1,"Introduction, cloud foundations",2,2,45.00,What is Cloud Computing and Self- Study,FALSE,FALSE,FALSE,FALSE,FALSE,FALSE,FALSE,45,145,81%,4,,12/01/2024
1,"Introduction, cloud foundations",2,2,20.00,Exit Ticket,FALSE,FALSE,FALSE,TRUE,FALSE,FALSE,FALSE,20,165,92%,4,,12/01/2024
1,"Introduction, cloud foundations",2,2,15.00,Flex Time,FALSE,FALSE,TRUE,FALSE,FALSE,FALSE,FALSE,15,180,100%,4,,12/01/2024
1,"Introduction, cloud foundations",3,3,20.00,Recap,FALSE,FALSE,FALSE,FALSE,FALSE,FALSE,FALSE,20,20,11%,5,,15/01/2024
1,"Introduction, cloud foundations",3,3,45.00,Activity: Cloud Roles,FALSE,FALSE,FALSE,FALSE,FALSE,TRUE,FALSE,45,65,36%,5,,15/01/2024
1,"Introduction, cloud foundations",3,3,15.00,Break,TRUE,FALSE,FALSE,FALSE,TRUE,FALSE,FALSE,0,65,36%,5,,15/01/2024
1,"Introduction, cloud foundations",3,3,120.00,Activity: Setting Goals,FALSE,FALSE,FALSE,FALSE,FALSE,TRUE,FALSE,120,120,67%,5,,15/01/2024
1,"Introduction, cloud foundations",3,3,45.00,Lunch,FALSE,TRUE,FALSE,FALSE,TRUE,FALSE,FALSE,0,120,67%,5,,15/01/2024
1,"Introduction, cloud foundations",3,3,45.00,Activity: Career Goals,FALSE,FALSE,FALSE,FALSE,FALSE,TRUE,FALSE,45,165,92%,5,,15/01/2024
1,"Introduction, cloud foundations",3,3,15.00,Break,TRUE,FALSE,FALSE,FALSE,TRUE,FALSE,FALSE,0,165,92%,5,,15/01/2024
1,"Introduction, cloud foundations",3,3,95.00,Advantages of Cloud Computing and Knowledge Check,FALSE,FALSE,FALSE,FALSE,FALSE,FALSE,FALSE,95,95,53%,6,,16/01/2024
1,"Introduction, cloud foundations",3,3,20.00,Exit Ticket,FALSE,FALSE,FALSE,TRUE,FALSE,FALSE,FALSE,20,115,64%,6,,16/01/2024
1,"Introduction, cloud foundations",3,3,30.00,Flex Time,FALSE,FALSE,TRUE,FALSE,FALSE,FALSE,FALSE,30,145,81%,6,,16/01/2024
1,"Introduction, cloud foundations",4,4,20.00,Recap,FALSE,FALSE,FALSE,FALSE,FALSE,FALSE,FALSE,20,165,92%,6,,16/01/2024
1,"Introduction, cloud foundations",4,4,135.00,Communication and STAR methodology,FALSE,FALSE,FALSE,FALSE,FALSE,FALSE,FALSE,135,135,75%,7,,17/01/2024
1,"Introduction, cloud foundations",4,4,15.00,Break,TRUE,FALSE,FALSE,FALSE,TRUE,FALSE,FALSE,0,135,75%,7,,17/01/2024
1,"Introduction, cloud foundations",4,4,55.00,What is Amazon Web Services (AWS) and Self-Study,FALSE,FALSE,FALSE,FALSE,FALSE,FALSE,FALSE,55,55,31%,8,,18/01/2024
1,"Introduction, cloud foundations",4,4,45.00,Lunch,FALSE,TRUE,FALSE,FALSE,TRUE,FALSE,FALSE,0,55,31%,8,,18/01/2024
1,"Introduction, cloud foundations",4,4,45.00,Introduction to AWS Training and Certification,FALSE,FALSE,FALSE,FALSE,FALSE,FALSE,FALSE,45,100,56%,8,,18/01/2024
1,"Introduction, cloud foundations",4,4,15.00,Break,TRUE,FALSE,FALSE,FALSE,TRUE,FALSE,FALSE,0,100,56%,8,,18/01/2024
1,"Introduction, cloud foundations",4,4,45.00,Fundamentals of AWS Pricing and Self-Study,FALSE,FALSE,FALSE,FALSE,FALSE,FALSE,FALSE,45,145,81%,8,,18/01/2024
1,"Introduction, cloud foundations",4,4,45.00,AWS Infrastructure Overview and Self-Study,FALSE,FALSE,FALSE,FALSE,FALSE,FALSE,FALSE,45,45,25%,9,,19/01/2024
1,"Introduction, cloud foundations",4,4,20.00,Exit Ticket,FALSE,FALSE,FALSE,TRUE,FALSE,FALSE,FALSE,20,65,36%,9,,19/01/2024
1,"Introduction, cloud foundations",4,4,10.00,Flex Time,FALSE,FALSE,TRUE,FALSE,FALSE,FALSE,FALSE,10,75,42%,9,,19/01/2024
1,"Introduction, cloud foundations",5,5,20.00,recap,FALSE,FALSE,FALSE,FALSE,FALSE,FALSE,FALSE,20,95,53%,9,,19/01/2024
1,"Introduction, cloud foundations",5,5,35.00,aws services and service category overview,FALSE,FALSE,FALSE,FALSE,FALSE,FALSE,FALSE,35,130,72%,9,,19/01/2024
1,"Introduction, cloud foundations",5,5,35.00,aws shared responsibility model and self-study,FALSE,FALSE,FALSE,FALSE,FALSE,FALSE,FALSE,35,165,92%,9,,19/01/2024
1,"Introduction, cloud foundations",5,5,15.00,break,TRUE,FALSE,FALSE,FALSE,TRUE,FALSE,FALSE,0,165,92%,9,,19/01/2024
1,"Introduction, cloud foundations",5,5,20.00,amazon simple storage service (23),FALSE,FALSE,FALSE,FALSE,FALSE,FALSE,FALSE,20,20,11%,10,,22/01/2024
1,"Introduction, cloud foundations",5,5,45.00,amazon s3 demo and self-study,FALSE,FALSE,FALSE,FALSE,FALSE,FALSE,FALSE,45,65,36%,10,,22/01/2024
1,"Introduction, cloud foundations",5,5,45.00,lunch,FALSE,TRUE,FALSE,FALSE,TRUE,FALSE,FALSE,0,65,36%,10,,22/01/2024
1,"Introduction, cloud foundations",5,5,60.00,amazon elastic compute cloud (ec2) and demo,FALSE,FALSE,FALSE,FALSE,FALSE,FALSE,FALSE,60,125,69%,10,,22/01/2024
1,"Introduction, cloud foundations",5,5,60.00,Lab: introduction to amanzon ec2 and self-study,FALSE,FALSE,FALSE,FALSE,FALSE,FALSE,TRUE,60,60,33%,11,,23/01/2024
1,"Introduction, cloud foundations",5,5,15.00,break,TRUE,FALSE,FALSE,FALSE,TRUE,FALSE,FALSE,0,60,33%,11,,23/01/2024
1,"Introduction, cloud foundations",5,5,45.00,recap and quiz: cloud foundations,FALSE,FALSE,FALSE,FALSE,FALSE,FALSE,FALSE,45,105,58%,11,,23/01/2024
1,"Introduction, cloud foundations",5,5,30.00,review cloud foundations,FALSE,FALSE,FALSE,FALSE,FALSE,FALSE,FALSE,30,135,75%,11,,23/01/2024
1,"Introduction, cloud foundations",5,5,20.00,exit ticket,FALSE,FALSE,FALSE,TRUE,FALSE,FALSE,FALSE,20,155,86%,11,,23/01/2024
1,"Introduction, cloud foundations",5,5,5.00,flex time,FALSE,FALSE,TRUE,FALSE,FALSE,FALSE,FALSE,5,160,89%,11,,23/01/2024
2,Linux,1,6,20.00,Recap,FALSE,FALSE,FALSE,FALSE,FALSE,FALSE,FALSE,20,180,100%,11,,23/01/2024
2,Linux,1,6,50.00,Introduction to Linux,FALSE,FALSE,FALSE,FALSE,FALSE,FALSE,FALSE,50,50,28%,12,,24/01/2024
2,Linux,1,6,30.00,Lab: Introduction to Linux and Knowledge Check,FALSE,FALSE,FALSE,FALSE,FALSE,FALSE,TRUE,30,80,44%,12,,24/01/2024
2,Linux,1,6,15.00,Break,TRUE,FALSE,FALSE,FALSE,TRUE,FALSE,FALSE,0,80,44%,12,,24/01/2024
2,Linux,1,6,75.00,Linux Command Line,FALSE,FALSE,FALSE,FALSE,FALSE,FALSE,FALSE,75,155,86%,12,,24/01/2024
2,Linux,1,6,45.00,Lunch,FALSE,TRUE,FALSE,FALSE,TRUE,FALSE,FALSE,0,155,86%,12,,24/01/2024
2,Linux,1,6,45.00,Lab: Linux Command Line and Knowledge Check,FALSE,FALSE,FALSE,FALSE,FALSE,FALSE,TRUE,45,45,25%,13,,25/01/2024
2,Linux,1,6,65.00,Users and Groups,FALSE,FALSE,FALSE,FALSE,FALSE,FALSE,FALSE,65,110,61%,13,,25/01/2024
2,Linux,1,6,15.00,Break,TRUE,FALSE,FALSE,FALSE,TRUE,FALSE,FALSE,0,110,61%,13,,25/01/2024
2,Linux,1,6,60.00,Lab: Users and Groups and Knowledge Check,FALSE,FALSE,FALSE,FALSE,FALSE,FALSE,TRUE,60,170,94%,13,,25/01/2024
2,Linux,1,6,20.00,Exit Ticket,FALSE,FALSE,FALSE,TRUE,FALSE,FALSE,FALSE,20,20,11%,14,,26/01/2024
2,Linux,1,6,10.00,Flex Time,FALSE,FALSE,TRUE,FALSE,FALSE,FALSE,FALSE,10,30,17%,14,,26/01/2024
2,Linux,2,7,20.00,Recap,FALSE,FALSE,FALSE,FALSE,FALSE,FALSE,FALSE,20,50,28%,14,,26/01/2024
2,Linux,2,7,65.00,Editing Files,FALSE,FALSE,FALSE,FALSE,FALSE,FALSE,FALSE,65,115,64%,14,,26/01/2024
2,Linux,2,7,15.00,Break,TRUE,FALSE,FALSE,FALSE,TRUE,FALSE,FALSE,0,115,64%,14,,26/01/2024
2,Linux,2,7,75.00,Lab: Editing Files and Knowledge Check,FALSE,FALSE,FALSE,FALSE,FALSE,FALSE,TRUE,75,75,42%,15,,29/01/2024
2,Linux,2,7,65.00,Working with the File System,FALSE,FALSE,FALSE,FALSE,FALSE,FALSE,FALSE,65,140,78%,15,,29/01/2024
2,Linux,2,7,45.00,Lunch,FALSE,TRUE,FALSE,FALSE,TRUE,FALSE,FALSE,0,140,78%,15,,29/01/2024
2,Linux,2,7,60.00,Lab: Working with the File System and Knowledge Check,FALSE,FALSE,FALSE,FALSE,FALSE,FALSE,TRUE,60,60,33%,16,,30/01/2024
2,Linux,2,7,65.00,Working with Files,FALSE,FALSE,FALSE,FALSE,FALSE,FALSE,FALSE,65,125,69%,16,,30/01/2024
2,Linux,2,7,20.00,Exit Ticket,FALSE,FALSE,FALSE,TRUE,FALSE,FALSE,FALSE,20,145,81%,16,,30/01/2024
2,Linux,2,7,20.00,Flex Time,FALSE,FALSE,TRUE,FALSE,FALSE,FALSE,FALSE,20,165,92%,16,,30/01/2024
2,Linux,3,8,20.00,Recap,FALSE,FALSE,FALSE,FALSE,FALSE,FALSE,FALSE,20,20,11%,17,,31/01/2024
2,Linux,3,8,60.00,Lab: Working with Files and Knowledge Check,FALSE,FALSE,FALSE,FALSE,FALSE,FALSE,TRUE,60,80,44%,17,,31/01/2024
2,Linux,3,8,15.00,Break,TRUE,FALSE,FALSE,FALSE,TRUE,FALSE,FALSE,0,80,44%,17,,31/01/2024
2,Linux,3,8,60.00,Managing File Permissions,FALSE,FALSE,FALSE,FALSE,FALSE,FALSE,FALSE,60,140,78%,17,,31/01/2024
2,Linux,3,8,65.00,Lab: Managing File Permissions and Knowledge Check,FALSE,FALSE,FALSE,FALSE,FALSE,FALSE,TRUE,65,65,36%,18,,01/02/2024
2,Linux,3,8,45.00,Lunch,FALSE,TRUE,FALSE,FALSE,TRUE,FALSE,FALSE,0,65,36%,18,,01/02/2024
2,Linux,3,8,65.00,Managing Processes,FALSE,FALSE,FALSE,FALSE,FALSE,FALSE,FALSE,65,130,72%,18,,01/02/2024
2,Linux,3,8,15.00,Break,TRUE,FALSE,FALSE,FALSE,TRUE,FALSE,FALSE,0,130,72%,18,,01/02/2024
2,Linux,3,8,75.00,Lab: Managing Processes and Knowledge Check,FALSE,FALSE,FALSE,FALSE,FALSE,FALSE,TRUE,75,75,42%,19,,02/02/2024
2,Linux,3,8,20.00,Exit Ticket,FALSE,FALSE,FALSE,TRUE,FALSE,FALSE,FALSE,20,95,53%,19,,02/02/2024
2,Linux,3,8,10.00,Flex Time,FALSE,FALSE,TRUE,FALSE,FALSE,FALSE,FALSE,10,105,58%,19,,02/02/2024
2,Linux,4,9,20.00,Recap,FALSE,FALSE,FALSE,FALSE,FALSE,FALSE,FALSE,20,125,69%,19,,02/02/2024
2,Linux,4,9,65.00,Managing Services,FALSE,FALSE,FALSE,FALSE,FALSE,FALSE,FALSE,65,65,36%,20,,05/02/2024
2,Linux,4,9,40.00,Lab: Managing Services and Knowledge Check,FALSE,FALSE,FALSE,FALSE,FALSE,FALSE,TRUE,40,105,58%,20,,05/02/2024
2,Linux,4,9,15.00,Break,TRUE,FALSE,FALSE,FALSE,TRUE,FALSE,FALSE,0,105,58%,20,,05/02/2024
2,Linux,4,9,65.00,Managing Networking,FALSE,FALSE,FALSE,FALSE,FALSE,FALSE,FALSE,65,170,94%,20,,05/02/2024
2,Linux,4,9,40.00,Lab: Managing Networking and Knowledge Check,FALSE,FALSE,FALSE,FALSE,FALSE,FALSE,TRUE,40,40,22%,21,,06/02/2024
2,Linux,4,9,15.00,Break,TRUE,FALSE,FALSE,FALSE,TRUE,FALSE,FALSE,0,40,22%,21,,06/02/2024
2,Linux,4,9,40.00,Software Management,FALSE,FALSE,FALSE,FALSE,FALSE,FALSE,FALSE,40,80,44%,21,,06/02/2024
2,Linux,4,9,40.00,Lab: Software Management and Knowledge Check,FALSE,FALSE,FALSE,FALSE,FALSE,FALSE,TRUE,40,120,67%,21,,06/02/2024
2,Linux,4,9,20.00,Exit Ticket,FALSE,FALSE,FALSE,TRUE,FALSE,FALSE,FALSE,20,140,78%,21,,06/02/2024
2,Linux,4,9,90.00,Flex Time,FALSE,FALSE,TRUE,FALSE,FALSE,FALSE,FALSE,90,90,50%,22,,07/02/2024
2,Linux,5,10,20.00,Recap,FALSE,FALSE,FALSE,FALSE,FALSE,FALSE,FALSE,20,110,61%,22,,07/02/2024
2,Linux,5,10,70.00,Managing Log Files,FALSE,FALSE,FALSE,FALSE,FALSE,FALSE,FALSE,70,180,100%,22,,07/02/2024
2,Linux,5,10,15.00,Break,TRUE,FALSE,FALSE,FALSE,TRUE,FALSE,FALSE,0,180,100%,22,,07/02/2024
2,Linux,5,10,35.00,Lab: Managing Log Files and Knowledge Check,FALSE,FALSE,FALSE,FALSE,FALSE,FALSE,TRUE,35,35,19%,23,,08/02/2024
2,Linux,5,10,45.00,Lunch,FALSE,TRUE,FALSE,FALSE,TRUE,FALSE,FALSE,0,35,19%,23,,08/02/2024
2,Linux,5,10,90.00,Working with Commands,FALSE,FALSE,FALSE,FALSE,FALSE,FALSE,FALSE,90,125,69%,23,,08/02/2024
2,Linux,5,10,15.00,Break,TRUE,FALSE,FALSE,FALSE,TRUE,FALSE,FALSE,0,125,69%,23,,08/02/2024
2,Linux,5,10,75.00,Lab: Working with Commands,FALSE,FALSE,FALSE,FALSE,FALSE,FALSE,TRUE,75,75,42%,24,,09/02/2024
2,Linux,5,10,20.00,Exit Ticket,FALSE,FALSE,FALSE,TRUE,FALSE,FALSE,FALSE,20,95,53%,24,,09/02/2024
2,Linux,5,10,50.00,Activity: Customer Obsession,FALSE,FALSE,FALSE,FALSE,FALSE,TRUE,FALSE,50,145,81%,24,,09/02/2024
2,Linux,5,10,65.00,Flex Time,FALSE,FALSE,TRUE,FALSE,FALSE,FALSE,FALSE,65,65,36%,25,,12/02/2024
3,"Linux, Networking",1,11,20.00,Recap,FALSE,FALSE,FALSE,FALSE,FALSE,FALSE,FALSE,20,85,47%,25,,12/02/2024
3,"Linux, Networking",1,11,75.00,The Bash Shell,FALSE,FALSE,FALSE,FALSE,FALSE,FALSE,FALSE,75,160,89%,25,,12/02/2024
3,"Linux, Networking",1,11,15.00,Break,TRUE,FALSE,FALSE,FALSE,TRUE,FALSE,FALSE,0,160,89%,25,,12/02/2024
3,"Linux, Networking",1,11,50.00,Lab:Bash Shell and Knowledge Check,FALSE,FALSE,FALSE,FALSE,FALSE,FALSE,TRUE,50,50,28%,26,,13/02/2024
3,"Linux, Networking",1,11,45.00,Lunch,FALSE,TRUE,FALSE,FALSE,TRUE,FALSE,FALSE,0,50,28%,26,,13/02/2024
3,"Linux, Networking",1,11,110.00,Bash Shell Scripting,FALSE,FALSE,FALSE,FALSE,FALSE,FALSE,FALSE,110,160,89%,26,,13/02/2024
3,"Linux, Networking",1,11,15.00,Break,TRUE,FALSE,FALSE,FALSE,TRUE,FALSE,FALSE,0,160,89%,26,,13/02/2024
3,"Linux, Networking",1,11,55.00,Lab:Bash Shell Scripting and Knowledge check,FALSE,FALSE,FALSE,FALSE,FALSE,FALSE,TRUE,55,55,31%,27,,14/02/2024
3,"Linux, Networking",1,11,20.00,Exit Ticket,FALSE,FALSE,FALSE,TRUE,FALSE,FALSE,FALSE,20,75,42%,27,,14/02/2024
3,"Linux, Networking",1,11,45.00,Flex Time,FALSE,FALSE,TRUE,FALSE,FALSE,FALSE,FALSE,45,120,67%,27,,14/02/2024
3,"Linux, Networking",2,12,20.00,Recap,FALSE,FALSE,FALSE,FALSE,FALSE,FALSE,FALSE,20,140,78%,27,,14/02/2024
3,"Linux, Networking",2,12,75.00,Challenge Lab:Advanced Bash Shell Scripting on EC2,FALSE,FALSE,FALSE,FALSE,FALSE,FALSE,TRUE,75,75,42%,28,,15/02/2024
3,"Linux, Networking",2,12,15.00,Break,TRUE,FALSE,FALSE,FALSE,TRUE,FALSE,FALSE,0,75,42%,28,,15/02/2024
3,"Linux, Networking",2,12,30.00,Review Linux,FALSE,FALSE,FALSE,FALSE,FALSE,FALSE,FALSE,30,105,58%,28,,15/02/2024
3,"Linux, Networking",2,12,45.00,Lunch,FALSE,TRUE,FALSE,FALSE,TRUE,FALSE,FALSE,0,105,58%,28,,15/02/2024
3,"Linux, Networking",2,12,135.00,Outlook,FALSE,FALSE,FALSE,FALSE,FALSE,FALSE,FALSE,135,135,75%,28,,15/02/2024
3,"Linux, Networking",2,12,15.00,Break,TRUE,FALSE,FALSE,FALSE,TRUE,FALSE,FALSE,0,135,75%,28,,15/02/2024
3,"Linux, Networking",2,12,50.00,Introduction to Networking and Knowledge Check,FALSE,FALSE,FALSE,FALSE,FALSE,FALSE,FALSE,50,50,28%,29,,16/02/2024
3,"Linux, Networking",2,12,20.00,Exit Ticket,FALSE,FALSE,FALSE,TRUE,FALSE,FALSE,FALSE,20,70,39%,29,,16/02/2024
3,"Linux, Networking",2,12,45.00,Flex Time,FALSE,FALSE,TRUE,FALSE,FALSE,FALSE,FALSE,45,115,64%,29,,16/02/2024
3,"Linux, Networking",3,13,20.00,Recap,FALSE,FALSE,FALSE,FALSE,FALSE,FALSE,FALSE,20,135,75%,29,,16/02/2024
3,"Linux, Networking",3,13,70.00,Networking Concepts and Knowledge Check,FALSE,FALSE,FALSE,FALSE,FALSE,FALSE,FALSE,70,70,39%,30,,19/02/2024
3,"Linux, Networking",3,13,15.00,Break,TRUE,FALSE,FALSE,FALSE,TRUE,FALSE,FALSE,0,70,39%,30,,19/02/2024
3,"Linux, Networking",3,13,70.00,Internet Protocol (P ),FALSE,FALSE,FALSE,FALSE,FALSE,FALSE,FALSE,70,140,78%,30,,19/02/2024
3,"Linux, Networking",3,13,45.00,Lunch,FALSE,TRUE,FALSE,FALSE,TRUE,FALSE,FALSE,0,140,78%,30,,19/02/2024
3,"Linux, Networking",3,13,45.00,Lab:IP Addressing Considerations and Knowledge Check,FALSE,FALSE,FALSE,FALSE,FALSE,FALSE,TRUE,45,45,25%,31,,20/02/2024
3,"Linux, Networking",3,13,15.00,Break,TRUE,FALSE,FALSE,FALSE,TRUE,FALSE,FALSE,0,45,25%,31,,20/02/2024
3,"Linux, Networking",3,13,40.00,IP Subnetting,FALSE,FALSE,FALSE,FALSE,FALSE,FALSE,FALSE,40,85,47%,31,,20/02/2024
3,"Linux, Networking",3,13,60.00,Lab:Create a Subnetting Plan for a Small Network,FALSE,FALSE,FALSE,FALSE,FALSE,FALSE,TRUE,60,145,81%,31,,20/02/2024
3,"Linux, Networking",3,13,20.00,Exit Ticket,FALSE,FALSE,FALSE,TRUE,FALSE,FALSE,FALSE,20,165,92%,31,,20/02/2024
3,"Linux, Networking",3,13,50.00,Flex Time,FALSE,FALSE,TRUE,FALSE,FALSE,FALSE,FALSE,50,50,28%,32,,21/02/2024
3,"Linux, Networking",4,14,20.00,Recap,FALSE,FALSE,FALSE,FALSE,FALSE,FALSE,FALSE,20,70,39%,32,,21/02/2024
3,"Linux, Networking",4,14,40.00,IP Networking in AWS Cloud :Amazon Virtual Private Cloud (VPC ),FALSE,FALSE,FALSE,FALSE,FALSE,FALSE,FALSE,40,110,61%,32,,21/02/2024
3,"Linux, Networking",4,14,15.00,Break,TRUE,FALSE,FALSE,FALSE,TRUE,FALSE,FALSE,0,110,61%,32,,21/02/2024
3,"Linux, Networking",4,14,25.00,AWS VPC Demonstration,FALSE,FALSE,FALSE,FALSE,FALSE,FALSE,FALSE,25,135,75%,32,,21/02/2024
3,"Linux, Networking",4,14,60.00,Lab:Build a VPC and a Web Server and Knowledge Check,FALSE,FALSE,FALSE,FALSE,FALSE,FALSE,TRUE,60,60,33%,33,,22/02/2024
3,"Linux, Networking",4,14,45.00,Lunch,FALSE,TRUE,FALSE,FALSE,TRUE,FALSE,FALSE,0,60,33%,33,,22/02/2024
3,"Linux, Networking",4,14,90.00,Emotional Intelligence,FALSE,FALSE,FALSE,FALSE,FALSE,FALSE,FALSE,90,150,83%,33,,22/02/2024
3,"Linux, Networking",4,14,15.00,Break,TRUE,FALSE,FALSE,FALSE,TRUE,FALSE,FALSE,0,150,83%,33,,22/02/2024
3,"Linux, Networking",4,14,90.00,Alumni presentation with Students,FALSE,FALSE,FALSE,FALSE,FALSE,FALSE,FALSE,90,90,50%,34,,23/02/2024
3,"Linux, Networking",4,14,20.00,Exit Ticket,FALSE,FALSE,FALSE,TRUE,FALSE,FALSE,FALSE,20,110,61%,34,,23/02/2024
3,"Linux, Networking",4,14,30.00,Flex Time,FALSE,FALSE,TRUE,FALSE,FALSE,FALSE,FALSE,30,140,78%,34,,23/02/2024
3,"Linux, Networking",5,15,20.00,Recap,FALSE,FALSE,FALSE,FALSE,FALSE,FALSE,FALSE,20,160,89%,34,,23/02/2024
3,"Linux, Networking",5,15,50.00,Activity:Learn and Be Curious,FALSE,FALSE,FALSE,FALSE,FALSE,TRUE,FALSE,50,50,28%,35,,26/02/2024
3,"Linux, Networking",5,15,15.00,Break,TRUE,FALSE,FALSE,FALSE,TRUE,FALSE,FALSE,0,50,28%,35,,26/02/2024
3,"Linux, Networking",5,15,60.00,Other Common Protocols and Knowledge Check,FALSE,FALSE,FALSE,FALSE,FALSE,FALSE,FALSE,60,110,61%,35,,26/02/2024
3,"Linux, Networking",5,15,25.00,Introduction to Network Security,FALSE,FALSE,FALSE,FALSE,FALSE,FALSE,FALSE,25,135,75%,35,,26/02/2024
3,"Linux, Networking",5,15,45.00,Lunch,FALSE,TRUE,FALSE,FALSE,TRUE,FALSE,FALSE,0,135,75%,35,,26/02/2024
3,"Linux, Networking",5,15,20.00,Threat Mitigation,FALSE,FALSE,FALSE,FALSE,FALSE,FALSE,FALSE,20,155,86%,35,,26/02/2024
3,"Linux, Networking",5,15,60.00,Lab:Research Anti -Malware and Knowledge Check,FALSE,FALSE,FALSE,FALSE,FALSE,FALSE,TRUE,60,60,33%,36,,27/02/2024
3,"Linux, Networking",5,15,15.00,Break,TRUE,FALSE,FALSE,FALSE,TRUE,FALSE,FALSE,0,60,33%,36,,27/02/2024
3,"Linux, Networking",5,15,25.00,Emerging Technologies,FALSE,FALSE,FALSE,FALSE,FALSE,FALSE,FALSE,25,85,47%,36,,27/02/2024
3,"Linux, Networking",5,15,60.00,Lab:Research MDM Software and Knowledge Check,FALSE,FALSE,FALSE,FALSE,FALSE,FALSE,TRUE,60,145,81%,36,,27/02/2024
3,"Linux, Networking",5,15,20.00,Exit Ticket,FALSE,FALSE,FALSE,TRUE,FALSE,FALSE,FALSE,20,165,92%,36,,27/02/2024
3,"Linux, Networking",5,15,35.00,Flex Time,FALSE,FALSE,TRUE,FALSE,FALSE,FALSE,FALSE,35,35,19%,37,,28/02/2024
4,"Networking, Security",1,16,20.00,Recap,FALSE,FALSE,FALSE,FALSE,FALSE,FALSE,FALSE,20,55,31%,37,,28/02/2024
4,"Networking, Security",1,16,30.00,Review Networking,FALSE,FALSE,FALSE,FALSE,FALSE,FALSE,FALSE,30,85,47%,37,,28/02/2024
4,"Networking, Security",1,16,15.00,Break,TRUE,FALSE,FALSE,FALSE,TRUE,FALSE,FALSE,0,85,47%,37,,28/02/2024
4,"Networking, Security",1,16,95.00,Digital Presence,FALSE,FALSE,FALSE,FALSE,FALSE,FALSE,FALSE,95,180,100%,37,,28/02/2024
4,"Networking, Security",1,16,45.00,Lunch,FALSE,TRUE,FALSE,FALSE,TRUE,FALSE,FALSE,0,180,100%,37,,28/02/2024
4,"Networking, Security",1,16,35.00,Interview settings (lecture ),FALSE,FALSE,FALSE,FALSE,FALSE,FALSE,FALSE,35,35,19%,38,,29/02/2024
4,"Networking, Security",1,16,50.00,Interview process (lecture ),FALSE,FALSE,FALSE,FALSE,FALSE,FALSE,FALSE,50,85,47%,38,,29/02/2024
4,"Networking, Security",1,16,45.00,Interview Practice,FALSE,FALSE,FALSE,FALSE,FALSE,FALSE,FALSE,45,130,72%,38,,29/02/2024
4,"Networking, Security",1,16,15.00,Break,TRUE,FALSE,FALSE,FALSE,TRUE,FALSE,FALSE,0,130,72%,38,,29/02/2024
4,"Networking, Security",1,16,45.00,Presentation from future peers at company,FALSE,FALSE,FALSE,FALSE,FALSE,FALSE,FALSE,45,175,97%,38,,29/02/2024
4,"Networking, Security",1,16,20.00,Exit Ticket,FALSE,FALSE,FALSE,TRUE,FALSE,FALSE,FALSE,20,20,11%,39,,01/03/2024
4,"Networking, Security",1,16,45.00,Flex Time,FALSE,FALSE,TRUE,FALSE,FALSE,FALSE,FALSE,45,65,36%,39,,01/03/2024
4,"Networking, Security",2,17,20.00,Recap,FALSE,FALSE,FALSE,FALSE,FALSE,FALSE,FALSE,20,85,47%,39,,01/03/2024
4,"Networking, Security",2,17,35.00,Introduction to Security,FALSE,FALSE,FALSE,FALSE,FALSE,FALSE,FALSE,35,120,67%,39,,01/03/2024
4,"Networking, Security",2,17,15.00,Break,TRUE,FALSE,FALSE,FALSE,TRUE,FALSE,FALSE,0,120,67%,39,,01/03/2024
4,"Networking, Security",2,17,30.00,Lab:Connecting to Vocareum cloud labs,FALSE,FALSE,FALSE,FALSE,FALSE,FALSE,TRUE,30,150,83%,39,,01/03/2024
4,"Networking, Security",2,17,60.00,Lab:Increase your security awareness and Knowledge Check,FALSE,FALSE,FALSE,FALSE,FALSE,FALSE,TRUE,60,60,33%,40,,04/03/2024
4,"Networking, Security",2,17,45.00,Lunch 45,FALSE,TRUE,FALSE,FALSE,TRUE,FALSE,FALSE,0,60,33%,40,,04/03/2024
4,"Networking, Security",2,17,40.00,Security Life Cycle -Prevention Network Discovery,FALSE,FALSE,FALSE,FALSE,FALSE,FALSE,FALSE,40,100,56%,40,,04/03/2024
4,"Networking, Security",2,17,45.00,Lab:Interpret scanning results and Knowledge Check,FALSE,FALSE,FALSE,FALSE,FALSE,FALSE,TRUE,45,145,81%,40,,04/03/2024
4,"Networking, Security",2,17,15.00,Break,TRUE,FALSE,FALSE,FALSE,TRUE,FALSE,FALSE,0,145,81%,40,,04/03/2024
4,"Networking, Security",2,17,30.00,Security Life Cycle -Prevention : Systems Hardening,FALSE,FALSE,FALSE,FALSE,FALSE,FALSE,FALSE,30,175,97%,40,,04/03/2024
4,"Networking, Security",2,17,60.00,Lab:Harden servers and workstations and Knowledge Check,FALSE,FALSE,FALSE,FALSE,FALSE,FALSE,TRUE,60,60,33%,41,,05/03/2024
4,"Networking, Security",2,17,30.00,Security Life Cycle -Prevention : Security Architecture,FALSE,FALSE,FALSE,FALSE,FALSE,FALSE,FALSE,30,90,50%,41,,05/03/2024
4,"Networking, Security",2,17,20.00,Exit Ticket,FALSE,FALSE,FALSE,TRUE,FALSE,FALSE,FALSE,20,110,61%,41,,05/03/2024
4,"Networking, Security",2,17,5.00,Flex Time,FALSE,FALSE,TRUE,FALSE,FALSE,FALSE,FALSE,5,115,64%,41,,05/03/2024
4,"Networking, Security",3,18,20.00,Recap,FALSE,FALSE,FALSE,FALSE,FALSE,FALSE,FALSE,20,135,75%,41,,05/03/2024
4,"Networking, Security",3,18,60.00,Lab:Security Architecture and Knowledge Check,FALSE,FALSE,FALSE,FALSE,FALSE,FALSE,TRUE,60,60,33%,42,,06/03/2024
4,"Networking, Security",3,18,15.00,Break,TRUE,FALSE,FALSE,FALSE,TRUE,FALSE,FALSE,0,60,33%,42,,06/03/2024
4,"Networking, Security",3,18,20.00,AWS Security Groups and Knowledge Check,FALSE,FALSE,FALSE,FALSE,FALSE,FALSE,FALSE,20,80,44%,42,,06/03/2024
4,"Networking, Security",3,18,40.00,Security Life Cycle -Prevention : Network Hardening and Knowledge Check,FALSE,FALSE,FALSE,FALSE,FALSE,FALSE,FALSE,40,120,67%,42,,06/03/2024
4,"Networking, Security",3,18,45.00,Lunch,FALSE,TRUE,FALSE,FALSE,TRUE,FALSE,FALSE,0,120,67%,42,,06/03/2024
4,"Networking, Security",3,18,35.00,Security Life Cycle -Prevention : Data Security,FALSE,FALSE,FALSE,FALSE,FALSE,FALSE,FALSE,35,155,86%,42,,06/03/2024
4,"Networking, Security",3,18,55.00,Lab:Protect Data and Knowledge Check,FALSE,FALSE,FALSE,FALSE,FALSE,FALSE,TRUE,55,55,31%,43,,07/03/2024
4,"Networking, Security",3,18,35.00,Security Life Cycle -Prevention : Public Key Infrastructure,FALSE,FALSE,FALSE,FALSE,FALSE,FALSE,FALSE,35,90,50%,43,,07/03/2024
4,"Networking, Security",3,18,15.00,Break,TRUE,FALSE,FALSE,FALSE,TRUE,FALSE,FALSE,0,90,50%,43,,07/03/2024
4,"Networking, Security",3,18,75.00,Lab:Configure a PKI and Knowledge Check,FALSE,FALSE,FALSE,FALSE,FALSE,FALSE,TRUE,75,165,92%,43,,07/03/2024
4,"Networking, Security",3,18,20.00,Exit Ticket,FALSE,FALSE,FALSE,TRUE,FALSE,FALSE,FALSE,20,20,11%,44,,08/03/2024
4,"Networking, Security",3,18,15.00,Flex Time,FALSE,FALSE,TRUE,FALSE,FALSE,FALSE,FALSE,15,35,19%,44,,08/03/2024
4,"Networking, Security",4,19,20.00,Recap,FALSE,FALSE,FALSE,FALSE,FALSE,FALSE,FALSE,20,55,31%,44,,08/03/2024
4,"Networking, Security",4,19,30.00,Security Life Cycle -Prevention : Identity Management,FALSE,FALSE,FALSE,FALSE,FALSE,FALSE,FALSE,30,85,47%,44,,08/03/2024
4,"Networking, Security",4,19,15.00,Break,TRUE,FALSE,FALSE,FALSE,TRUE,FALSE,FALSE,0,85,47%,44,,08/03/2024
4,"Networking, Security",4,19,45.00,Lab:Manage passwords and Knowledge Check,FALSE,FALSE,FALSE,FALSE,FALSE,FALSE,TRUE,45,130,72%,44,,08/03/2024
4,"Networking, Security",4,19,50.00,AWS Identity and Access Management (IAM )and Demonstration,FALSE,FALSE,FALSE,FALSE,FALSE,FALSE,FALSE,50,180,100%,44,,08/03/2024
4,"Networking, Security",4,19,45.00,Lunch,FALSE,TRUE,FALSE,FALSE,TRUE,FALSE,FALSE,0,180,100%,44,,08/03/2024
4,"Networking, Security",4,19,55.00,Lab:Introduction to IAM and Self -Study,FALSE,FALSE,FALSE,FALSE,FALSE,FALSE,TRUE,55,55,31%,45,,11/03/2024
4,"Networking, Security",4,19,85.00,Security Life Cycle -Detection,FALSE,FALSE,FALSE,FALSE,FALSE,FALSE,FALSE,85,140,78%,45,,11/03/2024
4,"Networking, Security",4,19,15.00,Break,TRUE,FALSE,FALSE,FALSE,TRUE,FALSE,FALSE,0,140,78%,45,,11/03/2024
4,"Networking, Security",4,19,30.00,Lab:Detect malware,FALSE,FALSE,FALSE,FALSE,FALSE,FALSE,TRUE,30,170,94%,45,,11/03/2024
4,"Networking, Security",4,19,30.00,Lab:Social engineering,FALSE,FALSE,FALSE,FALSE,FALSE,FALSE,TRUE,30,30,17%,46,,12/03/2024
4,"Networking, Security",4,19,60.00,Lab:Penetration testing and Knowledge Check,FALSE,FALSE,FALSE,FALSE,FALSE,FALSE,TRUE,60,90,50%,46,,12/03/2024
4,"Networking, Security",4,19,20.00,Exit Ticket,FALSE,FALSE,FALSE,TRUE,FALSE,FALSE,FALSE,20,110,61%,46,,12/03/2024
4,"Networking, Security",5,20,20.00,Recap,FALSE,FALSE,FALSE,FALSE,FALSE,FALSE,FALSE,20,130,72%,46,,12/03/2024
4,"Networking, Security",5,20,30.00,AWS Cloud Trail and Self -Study,FALSE,FALSE,FALSE,FALSE,FALSE,FALSE,FALSE,30,160,89%,46,,12/03/2024
4,"Networking, Security",5,20,15.00,Break,TRUE,FALSE,FALSE,FALSE,TRUE,FALSE,FALSE,0,160,89%,46,,12/03/2024
4,"Networking, Security",5,20,35.00,AWS Config and Self -Study,FALSE,FALSE,FALSE,FALSE,FALSE,FALSE,FALSE,35,35,19%,47,,13/03/2024
4,"Networking, Security",5,20,45.00,Security Life Cycle -Response,FALSE,FALSE,FALSE,FALSE,FALSE,FALSE,FALSE,45,80,44%,47,,13/03/2024
4,"Networking, Security",5,20,45.00,Lunch,FALSE,TRUE,FALSE,FALSE,TRUE,FALSE,FALSE,0,80,44%,47,,13/03/2024
4,"Networking, Security",5,20,45.00,Lab:Incident Response and Knowledge Check,FALSE,FALSE,FALSE,FALSE,FALSE,FALSE,TRUE,45,125,69%,47,,13/03/2024
4,"Networking, Security",5,20,45.00,Security Life Cycle -Analysis,FALSE,FALSE,FALSE,FALSE,FALSE,FALSE,FALSE,45,170,94%,47,,13/03/2024
4,"Networking, Security",5,20,15.00,Break,TRUE,FALSE,FALSE,FALSE,TRUE,FALSE,FALSE,0,170,94%,47,,13/03/2024
4,"Networking, Security",5,20,45.00,Lab:Monitor a system and Knowledge Check,FALSE,FALSE,FALSE,FALSE,FALSE,FALSE,TRUE,45,45,25%,48,,14/03/2024
4,"Networking, Security",5,20,50.00,Activity:Earn Trust,FALSE,FALSE,FALSE,FALSE,FALSE,TRUE,FALSE,50,95,53%,48,,14/03/2024
4,"Networking, Security",5,20,20.00,Exit Ticket,FALSE,FALSE,FALSE,TRUE,FALSE,FALSE,FALSE,20,115,64%,48,,14/03/2024
4,"Networking, Security",5,20,40.00,Flex Time,FALSE,FALSE,TRUE,FALSE,FALSE,FALSE,FALSE,40,155,86%,48,,14/03/2024
5,"Security, Python Programming",1,21,20.00,Recap,FALSE,FALSE,FALSE,FALSE,FALSE,FALSE,FALSE,20,175,97%,48,,14/03/2024
5,"Security, Python Programming",1,21,60.00,AWS Trusted Advisor and Self Study,FALSE,FALSE,FALSE,FALSE,FALSE,FALSE,FALSE,60,60,33%,49,,15/03/2024
5,"Security, Python Programming",1,21,15.00,Break,TRUE,FALSE,FALSE,FALSE,TRUE,FALSE,FALSE,0,60,33%,49,,15/03/2024
5,"Security, Python Programming",1,21,35.00,Best Practices for Opening an AWS Account and Self -Study,FALSE,FALSE,FALSE,FALSE,FALSE,FALSE,FALSE,35,95,53%,49,,15/03/2024
5,"Security, Python Programming",1,21,35.00,AWS Security Compliance Program and Self -Study,FALSE,FALSE,FALSE,FALSE,FALSE,FALSE,FALSE,35,130,72%,49,,15/03/2024
5,"Security, Python Programming",1,21,45.00,Lunch,FALSE,TRUE,FALSE,FALSE,TRUE,FALSE,FALSE,0,130,72%,49,,15/03/2024
5,"Security, Python Programming",1,21,35.00,AWS Security Resources and Self -Study,FALSE,FALSE,FALSE,FALSE,FALSE,FALSE,FALSE,35,165,92%,49,,15/03/2024
5,"Security, Python Programming",1,21,30.00,Review Security,FALSE,FALSE,FALSE,FALSE,FALSE,FALSE,FALSE,30,30,17%,50,,18/03/2024
5,"Security, Python Programming",1,21,15.00,Break,TRUE,FALSE,FALSE,FALSE,TRUE,FALSE,FALSE,0,30,17%,50,,18/03/2024
5,"Security, Python Programming",1,21,45.00,Interview Practice,FALSE,FALSE,FALSE,FALSE,FALSE,FALSE,FALSE,45,75,42%,50,,18/03/2024
5,"Security, Python Programming",1,21,60.00,Hiring Process,FALSE,FALSE,FALSE,FALSE,FALSE,FALSE,FALSE,60,135,75%,50,,18/03/2024
5,"Security, Python Programming",1,21,20.00,Exit Ticket,FALSE,FALSE,FALSE,TRUE,FALSE,FALSE,FALSE,20,155,86%,50,,18/03/2024
5,"Security, Python Programming",1,21,35.00,Flex Time,FALSE,FALSE,TRUE,FALSE,FALSE,FALSE,FALSE,35,35,19%,51,,19/03/2024
5,"Security, Python Programming",2,22,20.00,Recap,FALSE,FALSE,FALSE,FALSE,FALSE,FALSE,FALSE,20,55,31%,51,,19/03/2024
5,"Security, Python Programming",2,22,25.00,Introduction to Programming -What is Programming ?,FALSE,FALSE,FALSE,FALSE,FALSE,FALSE,FALSE,25,80,44%,51,,19/03/2024
5,"Security, Python Programming",2,22,15.00,Break,TRUE,FALSE,FALSE,FALSE,TRUE,FALSE,FALSE,0,80,44%,51,,19/03/2024
5,"Security, Python Programming",2,22,60.00,Lab:Hello World,FALSE,FALSE,FALSE,FALSE,FALSE,FALSE,TRUE,60,140,78%,51,,19/03/2024
5,"Security, Python Programming",2,22,20.00,Introduction to Programming -Categorize a Value as a Data Type,FALSE,FALSE,FALSE,FALSE,FALSE,FALSE,FALSE,20,160,89%,51,,19/03/2024
5,"Security, Python Programming",2,22,45.00,Lunch,FALSE,TRUE,FALSE,FALSE,TRUE,FALSE,FALSE,0,160,89%,51,,19/03/2024
5,"Security, Python Programming",2,22,80.00,Lab:Numeric data types,FALSE,FALSE,FALSE,FALSE,FALSE,FALSE,TRUE,80,80,44%,52,,20/03/2024
5,"Security, Python Programming",2,22,60.00,Lab:String data type,FALSE,FALSE,FALSE,FALSE,FALSE,FALSE,TRUE,60,140,78%,52,,20/03/2024
5,"Security, Python Programming",2,22,15.00,Break,TRUE,FALSE,FALSE,FALSE,TRUE,FALSE,FALSE,0,140,78%,52,,20/03/2024
5,"Security, Python Programming",2,22,60.00,"Lab:List ,tuple ,dictionary",FALSE,FALSE,FALSE,FALSE,FALSE,FALSE,TRUE,60,60,33%,53,,21/03/2024
5,"Security, Python Programming",2,22,60.00,Lab:Categorize values,FALSE,FALSE,FALSE,FALSE,FALSE,FALSE,TRUE,60,120,67%,53,,21/03/2024
5,"Security, Python Programming",2,22,20.00,Exit Ticket,FALSE,FALSE,FALSE,TRUE,FALSE,FALSE,FALSE,20,140,78%,53,,21/03/2024
5,"Security, Python Programming",3,23,20.00,Recap,FALSE,FALSE,FALSE,FALSE,FALSE,FALSE,FALSE,20,160,89%,53,,21/03/2024
5,"Security, Python Programming",3,23,15.00,Introduction to Programming -Combine Values into Composite Data Types,FALSE,FALSE,FALSE,FALSE,FALSE,FALSE,FALSE,15,175,97%,53,,21/03/2024
5,"Security, Python Programming",3,23,60.00,Lab:Composite data types,FALSE,FALSE,FALSE,FALSE,FALSE,FALSE,TRUE,60,60,33%,54,,22/03/2024
5,"Security, Python Programming",3,23,15.00,Break,TRUE,FALSE,FALSE,FALSE,TRUE,FALSE,FALSE,0,60,33%,54,,22/03/2024
5,"Security, Python Programming",3,23,25.00,Introduction to Programming - Functions,FALSE,FALSE,FALSE,FALSE,FALSE,FALSE,FALSE,25,85,47%,54,,22/03/2024
5,"Security, Python Programming",3,23,15.00,Introduction to Programming - Follow the Execution Path of a Program,FALSE,FALSE,FALSE,FALSE,FALSE,FALSE,FALSE,15,100,56%,54,,22/03/2024
5,"Security, Python Programming",3,23,45.00,Lunch,FALSE,TRUE,FALSE,FALSE,TRUE,FALSE,FALSE,0,100,56%,54,,22/03/2024
5,"Security, Python Programming",3,23,60.00,Lab:Conditionals,FALSE,FALSE,FALSE,FALSE,FALSE,FALSE,TRUE,60,160,89%,54,,22/03/2024
5,"Security, Python Programming",3,23,60.00,Lab:Loops,FALSE,FALSE,FALSE,FALSE,FALSE,FALSE,TRUE,60,60,33%,55,,25/03/2024
5,"Security, Python Programming",3,23,15.00,Break,TRUE,FALSE,FALSE,FALSE,TRUE,FALSE,FALSE,0,60,33%,55,,25/03/2024
5,"Security, Python Programming",3,23,30.00,Introduction to Programming - Version Control,FALSE,FALSE,FALSE,FALSE,FALSE,FALSE,FALSE,30,90,50%,55,,25/03/2024
5,"Security, Python Programming",3,23,75.00,Lab:Create a git repository and Knowledge Check,FALSE,FALSE,FALSE,FALSE,FALSE,FALSE,TRUE,75,165,92%,55,,25/03/2024
5,"Security, Python Programming",3,23,20.00,Exit Ticket,FALSE,FALSE,FALSE,TRUE,FALSE,FALSE,FALSE,20,20,11%,56,,26/03/2024
5,"Security, Python Programming",4,24,20.00,Recap,FALSE,FALSE,FALSE,FALSE,FALSE,FALSE,FALSE,20,40,22%,56,,26/03/2024
5,"Security, Python Programming",4,24,30.00,Introduction to Python,FALSE,FALSE,FALSE,FALSE,FALSE,FALSE,FALSE,30,70,39%,56,,26/03/2024
5,"Security, Python Programming",4,24,15.00,Break,TRUE,FALSE,FALSE,FALSE,TRUE,FALSE,FALSE,0,70,39%,56,,26/03/2024
5,"Security, Python Programming",4,24,45.00,Lab:Preparing to analyze insulin with Python and Knowledge Check,FALSE,FALSE,FALSE,FALSE,FALSE,FALSE,TRUE,45,115,64%,56,,26/03/2024
5,"Security, Python Programming",4,24,45.00,Lunch,FALSE,TRUE,FALSE,FALSE,TRUE,FALSE,FALSE,0,115,64%,56,,26/03/2024
5,"Security, Python Programming",4,24,50.00,Activity:Have a Backbone,FALSE,FALSE,FALSE,FALSE,FALSE,TRUE,FALSE,50,165,92%,56,,26/03/2024
5,"Security, Python Programming",4,24,15.00,Break,TRUE,FALSE,FALSE,FALSE,TRUE,FALSE,FALSE,0,165,92%,56,,26/03/2024
5,"Security, Python Programming",4,24,165.00,Python Basics,FALSE,FALSE,FALSE,FALSE,FALSE,FALSE,FALSE,165,165,92%,56,,26/03/2024
5,"Security, Python Programming",4,24,45.00,Meet future peers at company,FALSE,FALSE,FALSE,FALSE,FALSE,FALSE,FALSE,45,45,25%,57,,27/03/2024
5,"Security, Python Programming",4,24,20.00,Exit Ticket,FALSE,FALSE,FALSE,TRUE,FALSE,FALSE,FALSE,20,65,36%,57,,27/03/2024
5,"Security, Python Programming",5,25,20.00,Recap,FALSE,FALSE,FALSE,FALSE,FALSE,FALSE,FALSE,20,85,47%,57,,27/03/2024
5,"Security, Python Programming",5,25,60.00,Lab:Working with the string sequence and numeric weight of insulin in python and Knowledge Check,FALSE,FALSE,FALSE,FALSE,FALSE,FALSE,TRUE,60,145,81%,57,,27/03/2024
5,"Security, Python Programming",5,25,15.00,Break,TRUE,FALSE,FALSE,FALSE,TRUE,FALSE,FALSE,0,145,81%,57,,27/03/2024
5,"Security, Python Programming",5,25,45.00,Interview Practice,FALSE,FALSE,FALSE,FALSE,FALSE,FALSE,FALSE,45,45,25%,58,,28/03/2024
5,"Security, Python Programming",5,25,45.00,Lunch,FALSE,TRUE,FALSE,FALSE,TRUE,FALSE,FALSE,0,45,25%,58,,28/03/2024
5,"Security, Python Programming",5,25,145.00,Flow Control,FALSE,FALSE,FALSE,FALSE,FALSE,FALSE,FALSE,145,145,81%,58,,28/03/2024
5,"Security, Python Programming",5,25,15.00,Break,TRUE,FALSE,FALSE,FALSE,TRUE,FALSE,FALSE,0,145,81%,58,,28/03/2024
5,"Security, Python Programming",5,25,55.00,Lab:Calculating the net charge of insulin using python lists and loops and Knowledge Check,FALSE,FALSE,FALSE,FALSE,FALSE,FALSE,TRUE,55,55,31%,59,,29/03/2024
5,"Security, Python Programming",5,25,20.00,Exit Ticket,FALSE,FALSE,FALSE,TRUE,FALSE,FALSE,FALSE,20,75,42%,59,,29/03/2024
5,"Security, Python Programming",5,25,30.00,Flex Time,FALSE,FALSE,TRUE,FALSE,FALSE,FALSE,FALSE,30,105,58%,59,,29/03/2024
6,"Python Programming, Databases",1,26,20.00,Recap,FALSE,FALSE,FALSE,FALSE,FALSE,FALSE,FALSE,20,125,69%,59,,29/03/2024
6,"Python Programming, Databases",1,26,80.00,Functions,FALSE,FALSE,FALSE,FALSE,FALSE,FALSE,FALSE,80,80,44%,60,,01/04/2024
6,"Python Programming, Databases",1,26,15.00,Break,TRUE,FALSE,FALSE,FALSE,TRUE,FALSE,FALSE,0,80,44%,60,,01/04/2024
6,"Python Programming, Databases",1,26,105.00,Lab:Use functions to implement a Caesar Cipher and Knowledge Check,FALSE,FALSE,FALSE,FALSE,FALSE,FALSE,TRUE,105,105,58%,60,,01/04/2024
6,"Python Programming, Databases",1,26,45.00,Lunch,FALSE,TRUE,FALSE,FALSE,TRUE,FALSE,FALSE,0,105,58%,60,,01/04/2024
6,"Python Programming, Databases",1,26,80.00,Mods and Libraries,FALSE,FALSE,FALSE,FALSE,FALSE,FALSE,FALSE,80,80,44%,61,,02/04/2024
6,"Python Programming, Databases",1,26,15.00,Break,TRUE,FALSE,FALSE,FALSE,TRUE,FALSE,FALSE,0,80,44%,61,,02/04/2024
6,"Python Programming, Databases",1,26,55.00,Lab:File handlers and modules for retrieving information about insulin and Knowledge Check,FALSE,FALSE,FALSE,FALSE,FALSE,FALSE,TRUE,55,135,75%,61,,02/04/2024
6,"Python Programming, Databases",1,26,20.00,Exit Ticket,FALSE,FALSE,FALSE,TRUE,FALSE,FALSE,FALSE,20,155,86%,61,,02/04/2024
6,"Python Programming, Databases",1,26,15.00,Flex Time,FALSE,FALSE,TRUE,FALSE,FALSE,FALSE,FALSE,15,170,94%,61,,02/04/2024
6,"Python Programming, Databases",2,27,20.00,Recap,FALSE,FALSE,FALSE,FALSE,FALSE,FALSE,FALSE,20,20,11%,62,,03/04/2024
6,"Python Programming, Databases",2,27,80.00,Python for System Administration,FALSE,FALSE,FALSE,FALSE,FALSE,FALSE,FALSE,80,100,56%,62,,03/04/2024
6,"Python Programming, Databases",2,27,15.00,Break,TRUE,FALSE,FALSE,FALSE,TRUE,FALSE,FALSE,0,100,56%,62,,03/04/2024
6,"Python Programming, Databases",2,27,60.00,Lab:System Administration with Pytho,FALSE,FALSE,FALSE,FALSE,FALSE,FALSE,TRUE,60,160,89%,62,,03/04/2024
6,"Python Programming, Databases",2,27,45.00,Lunch,FALSE,TRUE,FALSE,FALSE,TRUE,FALSE,FALSE,0,160,89%,62,,03/04/2024
6,"Python Programming, Databases",2,27,70.00,Debugging and Testing,FALSE,FALSE,FALSE,FALSE,FALSE,FALSE,FALSE,70,70,39%,63,,04/04/2024
6,"Python Programming, Databases",2,27,45.00,Lab:Using the Debugger,FALSE,FALSE,FALSE,FALSE,FALSE,FALSE,TRUE,45,115,64%,63,,04/04/2024
6,"Python Programming, Databases",2,27,15.00,Break,TRUE,FALSE,FALSE,FALSE,TRUE,FALSE,FALSE,0,115,64%,63,,04/04/2024
6,"Python Programming, Databases",2,27,90.00,Lab:Debugging Hello World and Caesar Cipher,FALSE,FALSE,FALSE,FALSE,FALSE,FALSE,TRUE,90,90,50%,64,,05/04/2024
6,"Python Programming, Databases",2,27,20.00,Exit Ticket,FALSE,FALSE,FALSE,TRUE,FALSE,FALSE,FALSE,20,110,61%,64,,05/04/2024
6,"Python Programming, Databases",3,28,20.00,Recap,FALSE,FALSE,FALSE,FALSE,FALSE,FALSE,FALSE,20,130,72%,64,,05/04/2024
6,"Python Programming, Databases",3,28,15.00,Knowledge Check (Debugging ),FALSE,FALSE,FALSE,FALSE,FALSE,FALSE,FALSE,15,145,81%,64,,05/04/2024
6,"Python Programming, Databases",3,28,40.00,DevOps and Continuous Integration,FALSE,FALSE,FALSE,FALSE,FALSE,FALSE,FALSE,40,40,22%,65,,08/04/2024
6,"Python Programming, Databases",3,28,15.00,Break,TRUE,FALSE,FALSE,FALSE,TRUE,FALSE,FALSE,0,40,22%,65,,08/04/2024
6,"Python Programming, Databases",3,28,45.00,Lab:Evaluate a DevOps tool,FALSE,FALSE,FALSE,FALSE,FALSE,FALSE,TRUE,45,85,47%,65,,08/04/2024
6,"Python Programming, Databases",3,28,45.00,Lunch,FALSE,TRUE,FALSE,FALSE,TRUE,FALSE,FALSE,0,85,47%,65,,08/04/2024
6,"Python Programming, Databases",3,28,45.00,Lab:Explore the value of automation,FALSE,FALSE,FALSE,FALSE,FALSE,FALSE,TRUE,45,130,72%,65,,08/04/2024
6,"Python Programming, Databases",3,28,15.00,Break,TRUE,FALSE,FALSE,FALSE,TRUE,FALSE,FALSE,0,130,72%,65,,08/04/2024
6,"Python Programming, Databases",3,28,60.00,Lab:Compare and contrast automation and orchestration and Knowledge Check,FALSE,FALSE,FALSE,FALSE,FALSE,FALSE,TRUE,60,60,33%,66,,09/04/2024
6,"Python Programming, Databases",3,28,70.00,Configuration Management and Knowledge Check,FALSE,FALSE,FALSE,FALSE,FALSE,FALSE,FALSE,70,130,72%,66,,09/04/2024
6,"Python Programming, Databases",3,28,75.00,Fact finding exercise :Python,FALSE,FALSE,FALSE,FALSE,FALSE,FALSE,FALSE,75,75,42%,67,,10/04/2024
6,"Python Programming, Databases",3,28,20.00,Exit Ticket,FALSE,FALSE,FALSE,TRUE,FALSE,FALSE,FALSE,20,95,53%,67,,10/04/2024
6,"Python Programming, Databases",4,29,20.00,Recap,FALSE,FALSE,FALSE,FALSE,FALSE,FALSE,FALSE,20,115,64%,67,,10/04/2024
6,"Python Programming, Databases",4,29,60.00,Challenge Lab:Python,FALSE,FALSE,FALSE,FALSE,FALSE,FALSE,TRUE,60,175,97%,67,,10/04/2024
6,"Python Programming, Databases",4,29,15.00,Break,TRUE,FALSE,FALSE,FALSE,TRUE,FALSE,FALSE,0,175,97%,67,,10/04/2024
6,"Python Programming, Databases",4,29,30.00,Review Python,FALSE,FALSE,FALSE,FALSE,FALSE,FALSE,FALSE,30,30,17%,68,,11/04/2024
6,"Python Programming, Databases",4,29,90.00,Exploring Cloud Job Postings,FALSE,FALSE,FALSE,FALSE,FALSE,FALSE,FALSE,90,120,67%,68,,11/04/2024
6,"Python Programming, Databases",4,29,45.00,Lunch,FALSE,TRUE,FALSE,FALSE,TRUE,FALSE,FALSE,0,120,67%,68,,11/04/2024
6,"Python Programming, Databases",4,29,45.00,Explore Cloud Job Postings discussion,FALSE,FALSE,FALSE,FALSE,FALSE,FALSE,FALSE,45,165,92%,68,,11/04/2024
6,"Python Programming, Databases",4,29,40.00,Introduction to Databases,FALSE,FALSE,FALSE,FALSE,FALSE,FALSE,FALSE,40,40,22%,69,,12/04/2024
6,"Python Programming, Databases",4,29,15.00,Break,TRUE,FALSE,FALSE,FALSE,TRUE,FALSE,FALSE,0,40,22%,69,,12/04/2024
6,"Python Programming, Databases",4,29,30.00,Lab:Installing the pub1 database,FALSE,FALSE,FALSE,FALSE,FALSE,FALSE,TRUE,30,70,39%,69,,12/04/2024
6,"Python Programming, Databases",4,29,20.00,Exit Ticket,FALSE,FALSE,FALSE,TRUE,FALSE,FALSE,FALSE,20,90,50%,69,,12/04/2024
6,"Python Programming, Databases",4,29,40.00,Flex Time,FALSE,FALSE,TRUE,FALSE,FALSE,FALSE,FALSE,40,130,72%,69,,12/04/2024
6,"Python Programming, Databases",5,30,20.00,Recap,FALSE,FALSE,FALSE,FALSE,FALSE,FALSE,FALSE,20,150,83%,69,,12/04/2024
6,"Python Programming, Databases",5,30,65.00,Lab:An Intro to databases and Knowledge Check,FALSE,FALSE,FALSE,FALSE,FALSE,FALSE,TRUE,65,65,36%,70,,15/04/2024
6,"Python Programming, Databases",5,30,90.00,Creating Tables and Learning Different Data Types,FALSE,FALSE,FALSE,FALSE,FALSE,FALSE,FALSE,90,155,86%,70,,15/04/2024
6,"Python Programming, Databases",5,30,15.00,Break,TRUE,FALSE,FALSE,FALSE,TRUE,FALSE,FALSE,0,155,86%,70,,15/04/2024
6,"Python Programming, Databases",5,30,30.00,Lab:Creating tables and data types and Knowledge Check,FALSE,FALSE,FALSE,FALSE,FALSE,FALSE,TRUE,30,30,17%,71,,16/04/2024
6,"Python Programming, Databases",5,30,45.00,Lunch,FALSE,TRUE,FALSE,FALSE,TRUE,FALSE,FALSE,0,30,17%,71,,16/04/2024
6,"Python Programming, Databases",5,30,45.00,Interview Practice,FALSE,FALSE,FALSE,FALSE,FALSE,FALSE,FALSE,45,75,42%,71,,16/04/2024
6,"Python Programming, Databases",5,30,15.00,Break,TRUE,FALSE,FALSE,FALSE,TRUE,FALSE,FALSE,0,75,42%,71,,16/04/2024
6,"Python Programming, Databases",5,30,55.00,Inserting Data into a Database,FALSE,FALSE,FALSE,FALSE,FALSE,FALSE,FALSE,55,130,72%,71,,16/04/2024
6,"Python Programming, Databases",5,30,40.00,Lab:Inserting Data and Knowledge Check,FALSE,FALSE,FALSE,FALSE,FALSE,FALSE,TRUE,40,170,94%,71,,16/04/2024
6,"Python Programming, Databases",5,30,20.00,Exit Ticket,FALSE,FALSE,FALSE,TRUE,FALSE,FALSE,FALSE,20,20,11%,72,,17/04/2024
6,"Python Programming, Databases",5,30,10.00,Flex Time,FALSE,FALSE,TRUE,FALSE,FALSE,FALSE,FALSE,10,30,17%,72,,17/04/2024
7,Databases,1,31,20.00,Recap,FALSE,FALSE,FALSE,FALSE,FALSE,FALSE,FALSE,20,50,28%,72,,17/04/2024
7,Databases,1,31,90.00,Selecting Data from a Database,FALSE,FALSE,FALSE,FALSE,FALSE,FALSE,FALSE,90,140,78%,72,,17/04/2024
7,Databases,1,31,15.00,Break,TRUE,FALSE,FALSE,FALSE,TRUE,FALSE,FALSE,0,140,78%,72,,17/04/2024
7,Databases,1,31,35.00,Lab:Selecting data from a database and Knowledge Check,FALSE,FALSE,FALSE,FALSE,FALSE,FALSE,TRUE,35,175,97%,72,,17/04/2024
7,Databases,1,31,35.00,Resume Creation (Lecture ),FALSE,FALSE,FALSE,FALSE,FALSE,FALSE,FALSE,35,35,19%,73,,18/04/2024
7,Databases,1,31,45.00,Lunch,FALSE,TRUE,FALSE,FALSE,TRUE,FALSE,FALSE,0,35,19%,73,,18/04/2024
7,Databases,1,31,45.00,Work on Resume,FALSE,FALSE,FALSE,FALSE,FALSE,FALSE,FALSE,45,80,44%,73,,18/04/2024
7,Databases,1,31,15.00,Break,TRUE,FALSE,FALSE,FALSE,TRUE,FALSE,FALSE,0,80,44%,73,,18/04/2024
7,Databases,1,31,130.00,Performing a Conditional Search,FALSE,FALSE,FALSE,FALSE,FALSE,FALSE,FALSE,130,130,72%,73,,18/04/2024
7,Databases,1,31,20.00,Exit Ticket,FALSE,FALSE,FALSE,TRUE,FALSE,FALSE,FALSE,20,150,83%,73,,18/04/2024
7,Databases,2,32,20.00,20Recap,FALSE,FALSE,FALSE,FALSE,FALSE,FALSE,FALSE,20,170,94%,73,,18/04/2024
7,Databases,2,32,45.00,90Lab:Performing a Conditional Search and Knowledge Check,FALSE,FALSE,FALSE,FALSE,FALSE,FALSE,TRUE,45,45,25%,74,,19/04/2024
7,Databases,2,32,15.00,15Break,TRUE,FALSE,FALSE,FALSE,TRUE,FALSE,FALSE,0,45,25%,74,,19/04/2024
7,Databases,2,32,60.00,35Working with Functions,FALSE,FALSE,FALSE,FALSE,FALSE,FALSE,FALSE,60,105,58%,74,,19/04/2024
7,Databases,2,32,45.00,35Lunch,FALSE,TRUE,FALSE,FALSE,TRUE,FALSE,FALSE,0,105,58%,74,,19/04/2024
7,Databases,2,32,60.00,45Lab:Working with functions and Knowledge Check,FALSE,FALSE,FALSE,FALSE,FALSE,FALSE,TRUE,60,165,92%,74,,19/04/2024
7,Databases,2,32,55.00,45Organizing Data,FALSE,FALSE,FALSE,FALSE,FALSE,FALSE,FALSE,55,55,31%,75,,22/04/2024
7,Databases,2,32,15.00,15Break,TRUE,FALSE,FALSE,FALSE,TRUE,FALSE,FALSE,0,55,31%,75,,22/04/2024
7,Databases,2,32,50.00,130Lab:Organizing Data and Knowledge Check,FALSE,FALSE,FALSE,FALSE,FALSE,FALSE,TRUE,50,105,58%,75,,22/04/2024
7,Databases,2,32,40.00,20Retrieving Data from Multiple Tables,FALSE,FALSE,FALSE,FALSE,FALSE,FALSE,FALSE,40,145,81%,75,,22/04/2024
7,Databases,2,32,20.00,Exit Ticket,FALSE,FALSE,FALSE,TRUE,FALSE,FALSE,FALSE,20,165,92%,75,,22/04/2024
7,Databases,2,32,25.00,Flex Time,FALSE,FALSE,TRUE,FALSE,FALSE,FALSE,FALSE,25,25,14%,76,,23/04/2024
7,Databases,3,33,20.00,Recap,FALSE,FALSE,FALSE,FALSE,FALSE,FALSE,FALSE,20,45,25%,76,,23/04/2024
7,Databases,3,33,55.00,Lab:Retrieving data from multiple tables and Knowledge Check,FALSE,FALSE,FALSE,FALSE,FALSE,FALSE,TRUE,55,100,56%,76,,23/04/2024
7,Databases,3,33,15.00,Break,TRUE,FALSE,FALSE,FALSE,TRUE,FALSE,FALSE,0,100,56%,76,,23/04/2024
7,Databases,3,33,130.00,Transactions and Tables,FALSE,FALSE,FALSE,FALSE,FALSE,FALSE,FALSE,130,130,72%,76,,23/04/2024
7,Databases,3,33,45.00,Lunch,FALSE,TRUE,FALSE,FALSE,TRUE,FALSE,FALSE,0,130,72%,76,,23/04/2024
7,Databases,3,33,25.00,Lab:Transactions and Tables,FALSE,FALSE,FALSE,FALSE,FALSE,FALSE,TRUE,25,155,86%,76,,23/04/2024
7,Databases,3,33,45.00,Amazon RDS and Demonstration,FALSE,FALSE,FALSE,FALSE,FALSE,FALSE,FALSE,45,45,25%,77,,24/04/2024
7,Databases,3,33,15.00,Break,TRUE,FALSE,FALSE,FALSE,TRUE,FALSE,FALSE,0,45,25%,77,,24/04/2024
7,Databases,3,33,45.00,Lab:Build Your DB Server and Interact with your DB using an App,FALSE,FALSE,FALSE,FALSE,FALSE,FALSE,TRUE,45,90,50%,77,,24/04/2024
7,Databases,3,33,25.00,Amazon Dynamo DB and Demonstration,FALSE,FALSE,FALSE,FALSE,FALSE,FALSE,FALSE,25,115,64%,77,,24/04/2024
7,Databases,3,33,20.00,Exit Ticket,FALSE,FALSE,FALSE,TRUE,FALSE,FALSE,FALSE,20,135,75%,77,,24/04/2024
7,Databases,3,33,10.00,Flex Time,FALSE,FALSE,TRUE,FALSE,FALSE,FALSE,FALSE,10,145,81%,77,,24/04/2024
7,Databases,4,34,20.00,Recap,FALSE,FALSE,FALSE,FALSE,FALSE,FALSE,FALSE,20,165,92%,77,,24/04/2024
7,Databases,4,34,15.00,Self -Study (Amazon RDS and Dynamo DB ),FALSE,FALSE,FALSE,FALSE,FALSE,FALSE,FALSE,15,180,100%,77,,24/04/2024
7,Databases,4,34,60.00,Fact finding exercise :Databases and Review,FALSE,FALSE,FALSE,FALSE,FALSE,FALSE,FALSE,60,60,33%,78,,25/04/2024
7,Databases,4,34,15.00,Break,TRUE,FALSE,FALSE,FALSE,TRUE,FALSE,FALSE,0,60,33%,78,,25/04/2024
7,Databases,4,34,90.00,Challenge Lab:Build and Access an RDS Server,FALSE,FALSE,FALSE,FALSE,FALSE,FALSE,TRUE,90,150,83%,78,,25/04/2024
7,Databases,4,34,45.00,Lunch,FALSE,TRUE,FALSE,FALSE,TRUE,FALSE,FALSE,0,150,83%,78,,25/04/2024
7,Databases,4,34,30.00,Review Databases,FALSE,FALSE,FALSE,FALSE,FALSE,FALSE,FALSE,30,180,100%,78,,25/04/2024
7,Databases,4,34,45.00,Work on Resume,FALSE,FALSE,FALSE,FALSE,FALSE,FALSE,FALSE,45,45,25%,79,,26/04/2024
7,Databases,4,34,15.00,Break,TRUE,FALSE,FALSE,FALSE,TRUE,FALSE,FALSE,0,45,25%,79,,26/04/2024
7,Databases,4,34,95.00,Networking (soft skills ),FALSE,FALSE,FALSE,FALSE,FALSE,FALSE,FALSE,95,140,78%,79,,26/04/2024
7,Databases,4,34,20.00,Exit Ticket,FALSE,FALSE,FALSE,TRUE,FALSE,FALSE,FALSE,20,160,89%,79,,26/04/2024
7,Databases,5,35,20.00,Recap,FALSE,FALSE,FALSE,FALSE,FALSE,FALSE,FALSE,20,180,100%,79,,26/04/2024
7,Databases,5,35,100.00,Networking (soft skills )Continued,FALSE,FALSE,FALSE,FALSE,FALSE,FALSE,FALSE,100,100,56%,80,,29/04/2024
7,Databases,5,35,15.00,Break,TRUE,FALSE,FALSE,FALSE,TRUE,FALSE,FALSE,0,100,56%,80,,29/04/2024
7,Databases,5,35,45.00,Interview Practice,FALSE,FALSE,FALSE,FALSE,FALSE,FALSE,FALSE,45,145,81%,80,,29/04/2024
7,Databases,5,35,45.00,Lunch,FALSE,TRUE,FALSE,FALSE,TRUE,FALSE,FALSE,0,145,81%,80,,29/04/2024
7,Databases,5,35,180.00,Networking Event,FALSE,FALSE,FALSE,FALSE,FALSE,FALSE,FALSE,180,180,100%,81,,30/04/2024
7,Databases,5,35,20.00,Exit Ticket,FALSE,FALSE,FALSE,TRUE,FALSE,FALSE,FALSE,20,20,11%,82,,01/05/2024
7,Databases,5,35,25.00,Flex Time,FALSE,FALSE,TRUE,FALSE,FALSE,FALSE,FALSE,25,45,25%,82,,01/05/2024
8,(JAWS) Jumpstart on AWS,1,36,20.00,Recap,FALSE,FALSE,FALSE,FALSE,FALSE,FALSE,FALSE,20,65,36%,82,,01/05/2024
8,(JAWS) Jumpstart on AWS,1,36,185.00,Technical thought process,FALSE,FALSE,FALSE,FALSE,FALSE,FALSE,FALSE,185,185,103%,83,,02/05/2024
8,(JAWS) Jumpstart on AWS,1,36,15.00,Break,TRUE,FALSE,FALSE,FALSE,TRUE,FALSE,FALSE,0,0,0%,84,,03/05/2024
8,(JAWS) Jumpstart on AWS,1,36,25.00,AWS Cloud Adoption Framework,FALSE,FALSE,FALSE,FALSE,FALSE,FALSE,FALSE,25,25,14%,84,,03/05/2024
8,(JAWS) Jumpstart on AWS,1,36,45.00,Lunch,FALSE,TRUE,FALSE,FALSE,TRUE,FALSE,FALSE,0,25,14%,84,,03/05/2024
8,(JAWS) Jumpstart on AWS,1,36,30.00,AWS Well -Architected Framework (WAF ),FALSE,FALSE,FALSE,FALSE,FALSE,FALSE,FALSE,30,55,31%,84,,03/05/2024
8,(JAWS) Jumpstart on AWS,1,36,20.00,Deep Dive WAF Principles,FALSE,FALSE,FALSE,FALSE,FALSE,FALSE,FALSE,20,75,42%,84,,03/05/2024
8,(JAWS) Jumpstart on AWS,1,36,15.00,Break,TRUE,FALSE,FALSE,FALSE,TRUE,FALSE,FALSE,0,75,42%,84,,03/05/2024
8,(JAWS) Jumpstart on AWS,1,36,20.00,Understanding Reliability and High Availability,FALSE,FALSE,FALSE,FALSE,FALSE,FALSE,FALSE,20,95,53%,84,,03/05/2024
8,(JAWS) Jumpstart on AWS,1,36,30.00,Example of Transitioning a Data Center to the Cloud,FALSE,FALSE,FALSE,FALSE,FALSE,FALSE,FALSE,30,125,69%,84,,03/05/2024
8,(JAWS) Jumpstart on AWS,1,36,20.00,Exit Ticket,FALSE,FALSE,FALSE,TRUE,FALSE,FALSE,FALSE,20,145,81%,84,,03/05/2024
8,(JAWS) Jumpstart on AWS,1,36,5.00,Flex Time,FALSE,FALSE,TRUE,FALSE,FALSE,FALSE,FALSE,5,150,83%,84,,03/05/2024
8,(JAWS) Jumpstart on AWS,2,37,20.00,Recap,FALSE,FALSE,FALSE,FALSE,FALSE,FALSE,FALSE,20,170,94%,84,,03/05/2024
8,(JAWS) Jumpstart on AWS,2,37,60.00,Fact Finding exercise :Well Architected Framework,FALSE,FALSE,FALSE,FALSE,FALSE,FALSE,FALSE,60,60,33%,85,,06/05/2024
8,(JAWS) Jumpstart on AWS,2,37,15.00,Break,TRUE,FALSE,FALSE,FALSE,TRUE,FALSE,FALSE,0,60,33%,85,,06/05/2024
8,(JAWS) Jumpstart on AWS,2,37,15.00,Self -Study (Well -Architected ),FALSE,FALSE,FALSE,FALSE,FALSE,FALSE,FALSE,15,75,42%,85,,06/05/2024
8,(JAWS) Jumpstart on AWS,2,37,15.00,Review Well Architected,FALSE,FALSE,FALSE,FALSE,FALSE,FALSE,FALSE,15,90,50%,85,,06/05/2024
8,(JAWS) Jumpstart on AWS,2,37,45.00,Work on Resume,FALSE,FALSE,FALSE,FALSE,FALSE,FALSE,FALSE,45,135,75%,85,,06/05/2024
8,(JAWS) Jumpstart on AWS,2,37,45.00,Lunch,FALSE,TRUE,FALSE,FALSE,TRUE,FALSE,FALSE,0,135,75%,85,,06/05/2024
8,(JAWS) Jumpstart on AWS,2,37,65.00,Teamwork and Collaboration,FALSE,FALSE,FALSE,FALSE,FALSE,FALSE,FALSE,65,65,36%,86,,07/05/2024
8,(JAWS) Jumpstart on AWS,2,37,15.00,Break,TRUE,FALSE,FALSE,FALSE,TRUE,FALSE,FALSE,0,65,36%,86,,07/05/2024
8,(JAWS) Jumpstart on AWS,2,37,90.00,Teamwork and Collaboration (Continued ),FALSE,FALSE,FALSE,FALSE,FALSE,FALSE,FALSE,90,155,86%,86,,07/05/2024
8,(JAWS) Jumpstart on AWS,2,37,20.00,Exit Ticket,FALSE,FALSE,FALSE,TRUE,FALSE,FALSE,FALSE,20,175,97%,86,,07/05/2024
8,(JAWS) Jumpstart on AWS,2,37,45.00,Flex Time,FALSE,FALSE,TRUE,FALSE,FALSE,FALSE,FALSE,45,45,25%,87,,08/05/2024
8,(JAWS) Jumpstart on AWS,3,38,20.00,Recap,FALSE,FALSE,FALSE,FALSE,FALSE,FALSE,FALSE,20,65,36%,87,,08/05/2024
8,(JAWS) Jumpstart on AWS,3,38,90.00,Teamwork and Collaboration (Continued ),FALSE,FALSE,FALSE,FALSE,FALSE,FALSE,FALSE,90,155,86%,87,,08/05/2024
8,(JAWS) Jumpstart on AWS,3,38,15.00,Break,TRUE,FALSE,FALSE,FALSE,TRUE,FALSE,FALSE,0,155,86%,87,,08/05/2024
8,(JAWS) Jumpstart on AWS,3,38,15.00,Introduce Systems Operations,FALSE,FALSE,FALSE,FALSE,FALSE,FALSE,FALSE,15,170,94%,87,,08/05/2024
8,(JAWS) Jumpstart on AWS,3,38,15.00,Activity:Troubleshooting Knowledge Base Introduction,FALSE,FALSE,FALSE,FALSE,FALSE,TRUE,FALSE,15,15,8%,88,,09/05/2024
8,(JAWS) Jumpstart on AWS,3,38,45.00,Lunch,FALSE,TRUE,FALSE,FALSE,TRUE,FALSE,FALSE,0,15,8%,88,,09/05/2024
8,(JAWS) Jumpstart on AWS,3,38,60.00,Understanding Systems Operations,FALSE,FALSE,FALSE,FALSE,FALSE,FALSE,FALSE,60,75,42%,88,,09/05/2024
8,(JAWS) Jumpstart on AWS,3,38,15.00,Break,TRUE,FALSE,FALSE,FALSE,TRUE,FALSE,FALSE,0,75,42%,88,,09/05/2024
8,(JAWS) Jumpstart on AWS,3,38,90.00,AWS Identity and Access Management (IAM )Review and Demonstration,FALSE,FALSE,FALSE,FALSE,FALSE,FALSE,FALSE,90,165,92%,88,,09/05/2024
8,(JAWS) Jumpstart on AWS,3,38,75.00,AWS Command Line Interface (AWS CLI ),FALSE,FALSE,FALSE,FALSE,FALSE,FALSE,FALSE,75,75,42%,89,,10/05/2024
8,(JAWS) Jumpstart on AWS,3,38,20.00,Exit Ticket,FALSE,FALSE,FALSE,TRUE,FALSE,FALSE,FALSE,20,95,53%,89,,10/05/2024
8,(JAWS) Jumpstart on AWS,4,39,20.00,Recap,FALSE,FALSE,FALSE,FALSE,FALSE,FALSE,FALSE,20,115,64%,89,,10/05/2024
8,(JAWS) Jumpstart on AWS,4,39,90.00,Caf Activity:Install and use the AWS CLI and Knowledge Check,FALSE,FALSE,FALSE,FALSE,FALSE,TRUE,FALSE,90,90,50%,90,,13/05/2024
8,(JAWS) Jumpstart on AWS,4,39,15.00,Break,TRUE,FALSE,FALSE,FALSE,TRUE,FALSE,FALSE,0,90,50%,90,,13/05/2024
8,(JAWS) Jumpstart on AWS,4,39,15.00,Review Systems Operations,FALSE,FALSE,FALSE,FALSE,FALSE,FALSE,FALSE,15,105,58%,90,,13/05/2024
8,(JAWS) Jumpstart on AWS,4,39,10.00,Introduce Tooling and Automation,FALSE,FALSE,FALSE,FALSE,FALSE,FALSE,FALSE,10,115,64%,90,,13/05/2024
8,(JAWS) Jumpstart on AWS,4,39,30.00,AWS Systems Manager,FALSE,FALSE,FALSE,FALSE,FALSE,FALSE,FALSE,30,145,81%,90,,13/05/2024
8,(JAWS) Jumpstart on AWS,4,39,45.00,Lunch,FALSE,TRUE,FALSE,FALSE,TRUE,FALSE,FALSE,0,145,81%,90,,13/05/2024
8,(JAWS) Jumpstart on AWS,4,39,30.00,Lab:Using AWS Systems Manager,FALSE,FALSE,FALSE,FALSE,FALSE,FALSE,TRUE,30,175,97%,90,,13/05/2024
8,(JAWS) Jumpstart on AWS,4,39,25.00,Administration and Development Tools,FALSE,FALSE,FALSE,FALSE,FALSE,FALSE,FALSE,25,25,14%,91,,14/05/2024
8,(JAWS) Jumpstart on AWS,4,39,15.00,Hosting a Static Website on Amazon $3,FALSE,FALSE,FALSE,FALSE,FALSE,FALSE,FALSE,15,40,22%,91,,14/05/2024
8,(JAWS) Jumpstart on AWS,4,39,15.00,Break,TRUE,FALSE,FALSE,FALSE,TRUE,FALSE,FALSE,0,40,22%,91,,14/05/2024
8,(JAWS) Jumpstart on AWS,4,39,90.00,Caf Activity:Create a website on Amazon S3 and Knowledge Check,FALSE,FALSE,FALSE,FALSE,FALSE,TRUE,FALSE,90,130,72%,91,,14/05/2024
8,(JAWS) Jumpstart on AWS,4,39,15.00,Review Tooling and Automation,FALSE,FALSE,FALSE,FALSE,FALSE,FALSE,FALSE,15,145,81%,91,,14/05/2024
8,(JAWS) Jumpstart on AWS,4,39,35.00,Exit Ticket,FALSE,FALSE,FALSE,TRUE,FALSE,FALSE,FALSE,35,180,100%,91,,14/05/2024
8,(JAWS) Jumpstart on AWS,5,40,20.00,Recap,FALSE,FALSE,FALSE,FALSE,FALSE,FALSE,FALSE,20,20,11%,92,,15/05/2024
8,(JAWS) Jumpstart on AWS,5,40,45.00,Work on Resume,FALSE,FALSE,FALSE,FALSE,FALSE,FALSE,FALSE,45,65,36%,92,,15/05/2024
8,(JAWS) Jumpstart on AWS,5,40,15.00,Break,TRUE,FALSE,FALSE,FALSE,TRUE,FALSE,FALSE,0,65,36%,92,,15/05/2024
8,(JAWS) Jumpstart on AWS,5,40,45.00,Interview Practice,FALSE,FALSE,FALSE,FALSE,FALSE,FALSE,FALSE,45,110,61%,92,,15/05/2024
8,(JAWS) Jumpstart on AWS,5,40,45.00,Lunch,FALSE,TRUE,FALSE,FALSE,TRUE,FALSE,FALSE,0,110,61%,92,,15/05/2024
8,(JAWS) Jumpstart on AWS,5,40,10.00,Introduce Compute (Servers ),FALSE,FALSE,FALSE,FALSE,FALSE,FALSE,FALSE,10,120,67%,92,,15/05/2024
8,(JAWS) Jumpstart on AWS,5,40,90.00,Computing on AWS and Demonstration,FALSE,FALSE,FALSE,FALSE,FALSE,FALSE,FALSE,90,90,50%,93,,16/05/2024
8,(JAWS) Jumpstart on AWS,5,40,15.00,Break,TRUE,FALSE,FALSE,FALSE,TRUE,FALSE,FALSE,0,90,50%,93,,16/05/2024
8,(JAWS) Jumpstart on AWS,5,40,75.00,Managing Your AWS Instances,FALSE,FALSE,FALSE,FALSE,FALSE,FALSE,FALSE,75,165,92%,93,,16/05/2024
8,(JAWS) Jumpstart on AWS,5,40,50.00,Lab:Creating Amazon EC2 Instances,FALSE,FALSE,FALSE,FALSE,FALSE,FALSE,TRUE,50,50,28%,94,,17/05/2024
8,(JAWS) Jumpstart on AWS,5,40,20.00,Exit Ticket,FALSE,FALSE,FALSE,TRUE,FALSE,FALSE,FALSE,20,70,39%,94,,17/05/2024
8,(JAWS) Jumpstart on AWS,5,40,20.00,Flex Time,FALSE,FALSE,TRUE,FALSE,FALSE,FALSE,FALSE,20,90,50%,94,,17/05/2024
9,,1,41,20.00,Recap,FALSE,FALSE,FALSE,FALSE,FALSE,FALSE,FALSE,20,110,61%,94,,17/05/2024
9,,1,41,75.00,Challenge Lab:Linux EC2 Instance,FALSE,FALSE,FALSE,FALSE,FALSE,FALSE,TRUE,75,75,42%,95,,20/05/2024
9,,1,41,15.00,Break,TRUE,FALSE,FALSE,FALSE,TRUE,FALSE,FALSE,0,75,42%,95,,20/05/2024
9,,1,41,35.00,AWS Elastic Beanstalk,FALSE,FALSE,FALSE,FALSE,FALSE,FALSE,FALSE,35,110,61%,95,,20/05/2024
9,,1,41,45.00,Lunch,FALSE,TRUE,FALSE,FALSE,TRUE,FALSE,FALSE,0,110,61%,95,,20/05/2024
9,,1,41,60.00,Caf Activity:Troubleshoot create instance,FALSE,FALSE,FALSE,FALSE,FALSE,TRUE,FALSE,60,170,94%,95,,20/05/2024
9,,1,41,15.00,Knowledge Check (Compute [Servers ]),FALSE,FALSE,FALSE,FALSE,FALSE,FALSE,FALSE,15,15,8%,96,,21/05/2024
9,,1,41,15.00,Review Compute (Servers ),FALSE,FALSE,FALSE,FALSE,FALSE,FALSE,FALSE,15,30,17%,96,,21/05/2024
9,,1,41,15.00,Break,TRUE,FALSE,FALSE,FALSE,TRUE,FALSE,FALSE,0,30,17%,96,,21/05/2024
9,,1,41,90.00,Event,FALSE,FALSE,FALSE,FALSE,FALSE,FALSE,FALSE,90,120,67%,96,,21/05/2024
9,,1,41,20.00,Exit Ticket,FALSE,FALSE,FALSE,TRUE,FALSE,FALSE,FALSE,20,140,78%,96,,21/05/2024
9,,1,41,45.00,Flex Time,FALSE,FALSE,TRUE,FALSE,FALSE,FALSE,FALSE,45,45,25%,97,,22/05/2024
9,,2,42,20.00,Recap,FALSE,FALSE,FALSE,FALSE,FALSE,FALSE,FALSE,20,65,36%,97,,22/05/2024
9,,2,42,15.00,Introduce Computing (Scaling and Name Resolution ),FALSE,FALSE,FALSE,FALSE,FALSE,FALSE,FALSE,15,80,44%,97,,22/05/2024
9,,2,42,15.00,Break,TRUE,FALSE,FALSE,FALSE,TRUE,FALSE,FALSE,0,80,44%,97,,22/05/2024
9,,2,42,65.00,Elastic Load Balancing,FALSE,FALSE,FALSE,FALSE,FALSE,FALSE,FALSE,65,145,81%,97,,22/05/2024
9,,2,42,45.00,Lunch,FALSE,TRUE,FALSE,FALSE,TRUE,FALSE,FALSE,0,145,81%,97,,22/05/2024
9,,2,42,80.00,ELB Load Balancers and Listeners,FALSE,FALSE,FALSE,FALSE,FALSE,FALSE,FALSE,80,80,44%,98,,23/05/2024
9,,2,42,15.00,Break,TRUE,FALSE,FALSE,FALSE,TRUE,FALSE,FALSE,0,80,44%,98,,23/05/2024
9,,2,42,80.00,Amazon EC2 Auto Scaling,FALSE,FALSE,FALSE,FALSE,FALSE,FALSE,FALSE,80,160,89%,98,,23/05/2024
9,,2,42,45.00,Lab:Scale and Load Balance Your Architecture,FALSE,FALSE,FALSE,FALSE,FALSE,FALSE,TRUE,45,45,25%,99,,24/05/2024
9,,2,42,45.00,Lab:Using Auto Scaling,FALSE,FALSE,FALSE,FALSE,FALSE,FALSE,TRUE,45,90,50%,99,,24/05/2024
9,,2,42,20.00,Exit Ticket,FALSE,FALSE,FALSE,TRUE,FALSE,FALSE,FALSE,20,110,61%,99,,24/05/2024
9,,2,42,5.00,Flex Time,FALSE,FALSE,TRUE,FALSE,FALSE,FALSE,FALSE,5,115,64%,99,,24/05/2024
9,,3,43,20.00,Recap,FALSE,FALSE,FALSE,FALSE,FALSE,FALSE,FALSE,20,135,75%,99,,24/05/2024
9,,3,43,85.00,Leading the Automatic Scaling Prediction Challenge,FALSE,FALSE,FALSE,FALSE,FALSE,FALSE,FALSE,85,85,47%,100,,27/05/2024
9,,3,43,15.00,Break,TRUE,FALSE,FALSE,FALSE,TRUE,FALSE,FALSE,0,85,47%,100,,27/05/2024
9,,3,43,95.00,Amazon Route 53and Demonstration,FALSE,FALSE,FALSE,FALSE,FALSE,FALSE,FALSE,95,180,100%,100,,27/05/2024
9,,3,43,45.00,Lunch,FALSE,TRUE,FALSE,FALSE,TRUE,FALSE,FALSE,0,180,100%,100,,27/05/2024
9,,3,43,15.00,CloudFront,FALSE,FALSE,FALSE,FALSE,FALSE,FALSE,FALSE,15,15,8%,101,,28/05/2024
9,,3,43,15.00,Break,TRUE,FALSE,FALSE,FALSE,TRUE,FALSE,FALSE,0,15,8%,101,,28/05/2024
9,,3,43,90.00,Caf Activity:Amazon Route 53 Failover,FALSE,FALSE,FALSE,FALSE,FALSE,TRUE,FALSE,90,105,58%,101,,28/05/2024
9,,3,43,15.00,Knowledge Check (Scaling and Name Resolution ),FALSE,FALSE,FALSE,FALSE,FALSE,FALSE,FALSE,15,120,67%,101,,28/05/2024
9,,3,43,15.00,Review Compute (Scaling and Name Resolution ),FALSE,FALSE,FALSE,FALSE,FALSE,FALSE,FALSE,15,135,75%,101,,28/05/2024
9,,3,43,20.00,Exit Ticket,FALSE,FALSE,FALSE,TRUE,FALSE,FALSE,FALSE,20,155,86%,101,,28/05/2024
9,,3,43,5.00,Flex Time,FALSE,FALSE,TRUE,FALSE,FALSE,FALSE,FALSE,5,160,89%,101,,28/05/2024
9,,4,44,20.00,Recap,FALSE,FALSE,FALSE,FALSE,FALSE,FALSE,FALSE,20,180,100%,101,,28/05/2024
9,,4,44,90.00,Fact Finding Exercise :Cloud Foundations 1,FALSE,FALSE,FALSE,FALSE,FALSE,FALSE,FALSE,90,90,50%,102,,29/05/2024
9,,4,44,15.00,Break,TRUE,FALSE,FALSE,FALSE,TRUE,FALSE,FALSE,0,90,50%,102,,29/05/2024
9,,4,44,10.00,Introduce Compute (Containers and Serverless ),FALSE,FALSE,FALSE,FALSE,FALSE,FALSE,FALSE,10,100,56%,102,,29/05/2024
9,,4,44,30.00,AWS Lambda,FALSE,FALSE,FALSE,FALSE,FALSE,FALSE,FALSE,30,130,72%,102,,29/05/2024
9,,4,44,45.00,Lunch,FALSE,TRUE,FALSE,FALSE,TRUE,FALSE,FALSE,0,130,72%,102,,29/05/2024
9,,4,44,105.00,Challenge Lab:AWS Lambda,FALSE,FALSE,FALSE,FALSE,FALSE,FALSE,TRUE,105,105,58%,103,,30/05/2024
9,,4,44,15.00,Break,TRUE,FALSE,FALSE,FALSE,TRUE,FALSE,FALSE,0,105,58%,103,,30/05/2024
9,,4,44,30.00,APIs and REST,FALSE,FALSE,FALSE,FALSE,FALSE,FALSE,FALSE,30,135,75%,103,,30/05/2024
9,,4,44,30.00,Amazon API Gateway,FALSE,FALSE,FALSE,FALSE,FALSE,FALSE,FALSE,30,165,92%,103,,30/05/2024
9,,4,44,15.00,Exit Ticket,FALSE,FALSE,FALSE,TRUE,FALSE,FALSE,FALSE,15,180,100%,103,,30/05/2024
9,,4,44,30.00,Flex Time,FALSE,FALSE,TRUE,FALSE,FALSE,FALSE,FALSE,30,30,17%,104,,31/05/2024
9,,5,45,20.00,Recap,FALSE,FALSE,FALSE,FALSE,FALSE,FALSE,FALSE,20,50,28%,104,,31/05/2024
9,,5,45,45.00,Containers on AWS,FALSE,FALSE,FALSE,FALSE,FALSE,FALSE,FALSE,45,95,53%,104,,31/05/2024
9,,5,45,15.00,Break,TRUE,FALSE,FALSE,FALSE,TRUE,FALSE,FALSE,0,95,53%,104,,31/05/2024
9,,5,45,65.00,AWS Step Functions,FALSE,FALSE,FALSE,FALSE,FALSE,FALSE,FALSE,65,160,89%,104,,31/05/2024
9,,5,45,90.00,Caf Activity:Working with AWS Lambda,FALSE,FALSE,FALSE,FALSE,FALSE,TRUE,FALSE,90,90,50%,105,,03/06/2024
9,,5,45,45.00,Lunch,FALSE,TRUE,FALSE,FALSE,TRUE,FALSE,FALSE,0,90,50%,105,,03/06/2024
9,,5,45,15.00,Knowledge Check (Compute [Containers and Serverless ]),FALSE,FALSE,FALSE,FALSE,FALSE,FALSE,FALSE,15,105,58%,105,,03/06/2024
9,,5,45,15.00,Review Compute (Containers and Serverless ),FALSE,FALSE,FALSE,FALSE,FALSE,FALSE,FALSE,15,120,67%,105,,03/06/2024
9,,5,45,15.00,Break,TRUE,FALSE,FALSE,FALSE,TRUE,FALSE,FALSE,0,120,67%,105,,03/06/2024
9,,5,45,30.00,Introduce Compute (Databases ),FALSE,FALSE,FALSE,FALSE,FALSE,FALSE,FALSE,30,150,83%,105,,03/06/2024
9,,5,45,60.00,Amazon Redshift,FALSE,FALSE,FALSE,FALSE,FALSE,FALSE,FALSE,60,60,33%,106,,04/06/2024
9,,5,45,20.00,Exit Ticket,FALSE,FALSE,FALSE,TRUE,FALSE,FALSE,FALSE,20,80,44%,106,,04/06/2024
9,,5,45,15.00,Flex Time,FALSE,FALSE,TRUE,FALSE,FALSE,FALSE,FALSE,15,95,53%,106,,04/06/2024
10,,1,46,20.00,Recap,FALSE,FALSE,FALSE,FALSE,FALSE,FALSE,FALSE,20,115,64%,106,,04/06/2024
10,,1,46,60.00,Amazon Aurora,FALSE,FALSE,FALSE,FALSE,FALSE,FALSE,FALSE,60,175,97%,106,,04/06/2024
10,,1,46,15.00,Break,TRUE,FALSE,FALSE,FALSE,TRUE,FALSE,FALSE,0,175,97%,106,,04/06/2024
10,,1,46,55.00,AWS Database Migration Service,FALSE,FALSE,FALSE,FALSE,FALSE,FALSE,FALSE,55,55,31%,107,,05/06/2024
10,,1,46,80.00,Caf Activity:Migrate to Amazon RDS,FALSE,FALSE,FALSE,FALSE,FALSE,TRUE,FALSE,80,135,75%,107,,05/06/2024
10,,1,46,45.00,Lunch,FALSE,TRUE,FALSE,FALSE,TRUE,FALSE,FALSE,0,135,75%,107,,05/06/2024
10,,1,46,15.00,Knowledge Check (Compute [Databases ]),FALSE,FALSE,FALSE,FALSE,FALSE,FALSE,FALSE,15,150,83%,107,,05/06/2024
10,,1,46,15.00,Review Compute (Database Services ),FALSE,FALSE,FALSE,FALSE,FALSE,FALSE,FALSE,15,165,92%,107,,05/06/2024
10,,1,46,15.00,Break,TRUE,FALSE,FALSE,FALSE,TRUE,FALSE,FALSE,0,165,92%,107,,05/06/2024
10,,1,46,10.00,Introduce Networking,FALSE,FALSE,FALSE,FALSE,FALSE,FALSE,FALSE,10,175,97%,107,,05/06/2024
10,,1,46,75.00,Cloud Networking -Amazon VPC,FALSE,FALSE,FALSE,FALSE,FALSE,FALSE,FALSE,75,75,42%,108,,06/06/2024
10,,1,46,20.00,Exit Ticket,FALSE,FALSE,FALSE,TRUE,FALSE,FALSE,FALSE,20,95,53%,108,,06/06/2024
10,,1,46,25.00,Flex Time,FALSE,FALSE,TRUE,FALSE,FALSE,FALSE,FALSE,25,120,67%,108,,06/06/2024
10,,2,47,20.00,Recap,FALSE,FALSE,FALSE,FALSE,FALSE,FALSE,FALSE,20,140,78%,108,,06/06/2024
10,,2,47,90.00,Amazon VPC connectivity,FALSE,FALSE,FALSE,FALSE,FALSE,FALSE,FALSE,90,90,50%,109,,07/06/2024
10,,2,47,15.00,Break,TRUE,FALSE,FALSE,FALSE,TRUE,FALSE,FALSE,0,90,50%,109,,07/06/2024
10,,2,47,75.00,Securing and Troubleshooting Your Network,FALSE,FALSE,FALSE,FALSE,FALSE,FALSE,FALSE,75,165,92%,109,,07/06/2024
10,,2,47,45.00,Lunch,FALSE,TRUE,FALSE,FALSE,TRUE,FALSE,FALSE,0,165,92%,109,,07/06/2024
10,,2,47,50.00,Lab:Configuring a VPC,FALSE,FALSE,FALSE,FALSE,FALSE,FALSE,TRUE,50,50,28%,110,,10/06/2024
10,,2,47,15.00,Break,TRUE,FALSE,FALSE,FALSE,TRUE,FALSE,FALSE,0,50,28%,110,,10/06/2024
10,,2,47,90.00,Caf Activity:Troubleshoot an Amazon VPC,FALSE,FALSE,FALSE,FALSE,FALSE,TRUE,FALSE,90,140,78%,110,,10/06/2024
10,,2,47,15.00,Knowledge Check (Networking ),FALSE,FALSE,FALSE,FALSE,FALSE,FALSE,FALSE,15,155,86%,110,,10/06/2024
10,,2,47,15.00,Review Networking,FALSE,FALSE,FALSE,FALSE,FALSE,FALSE,FALSE,15,170,94%,110,,10/06/2024
10,,2,47,20.00,Exit Ticket,FALSE,FALSE,FALSE,TRUE,FALSE,FALSE,FALSE,20,20,11%,111,,11/06/2024
10,,3,48,20.00,Recap,FALSE,FALSE,FALSE,FALSE,FALSE,FALSE,FALSE,20,40,22%,111,,11/06/2024
10,,3,48,45.00,Work on Resume,FALSE,FALSE,FALSE,FALSE,FALSE,FALSE,FALSE,45,85,47%,111,,11/06/2024
10,,3,48,15.00,Break,TRUE,FALSE,FALSE,FALSE,TRUE,FALSE,FALSE,0,85,47%,111,,11/06/2024
10,,3,48,65.00,Elevator Pitch,FALSE,FALSE,FALSE,FALSE,FALSE,FALSE,FALSE,65,150,83%,111,,11/06/2024
10,,3,48,45.00,Interview Practice,FALSE,FALSE,FALSE,FALSE,FALSE,FALSE,FALSE,45,45,25%,112,,12/06/2024
10,,3,48,45.00,Lunch,FALSE,TRUE,FALSE,FALSE,TRUE,FALSE,FALSE,0,45,25%,112,,12/06/2024
10,,3,48,10.00,Introduce Storage and Archiving,FALSE,FALSE,FALSE,FALSE,FALSE,FALSE,FALSE,10,55,31%,112,,12/06/2024
10,,3,48,40.00,Cloud Storage Overview,FALSE,FALSE,FALSE,FALSE,FALSE,FALSE,FALSE,40,95,53%,112,,12/06/2024
10,,3,48,15.00,Break,TRUE,FALSE,FALSE,FALSE,TRUE,FALSE,FALSE,0,95,53%,112,,12/06/2024
10,,3,48,105.00,Amazon Elastic Block Store,FALSE,FALSE,FALSE,FALSE,FALSE,FALSE,FALSE,105,105,58%,112,,12/06/2024
10,,3,48,20.00,Amazon EBS Demonstration,FALSE,FALSE,FALSE,FALSE,FALSE,FALSE,FALSE,20,125,69%,112,,12/06/2024
10,,3,48,20.00,Exit Ticket,FALSE,FALSE,FALSE,TRUE,FALSE,FALSE,FALSE,20,145,81%,112,,12/06/2024
10,,3,48,5.00,Flex Time,FALSE,FALSE,TRUE,FALSE,FALSE,FALSE,FALSE,5,150,83%,112,,12/06/2024
10,,4,49,20.00,Recap,FALSE,FALSE,FALSE,FALSE,FALSE,FALSE,FALSE,20,170,94%,112,,12/06/2024
10,,4,49,50.00,Lab:Working with EBS,FALSE,FALSE,FALSE,FALSE,FALSE,FALSE,TRUE,50,50,28%,113,,13/06/2024
10,,4,49,15.00,Break,TRUE,FALSE,FALSE,FALSE,TRUE,FALSE,FALSE,0,50,28%,113,,13/06/2024
10,,4,49,60.00,Instance Store,FALSE,FALSE,FALSE,FALSE,FALSE,FALSE,FALSE,60,110,61%,113,,13/06/2024
10,,4,49,45.00,Elastic File System,FALSE,FALSE,FALSE,FALSE,FALSE,FALSE,FALSE,45,155,86%,113,,13/06/2024
10,,4,49,15.00,Elastic File System Demonstration,FALSE,FALSE,FALSE,FALSE,FALSE,FALSE,FALSE,15,170,94%,113,,13/06/2024
10,,4,49,45.00,Lunch,FALSE,TRUE,FALSE,FALSE,TRUE,FALSE,FALSE,0,170,94%,113,,13/06/2024
10,,4,49,60.00,Amazon Simple Storage Glacier,FALSE,FALSE,FALSE,FALSE,FALSE,FALSE,FALSE,60,60,33%,114,,14/06/2024
10,,4,49,15.00,Break,TRUE,FALSE,FALSE,FALSE,TRUE,FALSE,FALSE,0,60,33%,114,,14/06/2024
10,,4,49,10.00,Amazon S3 Glacier Demonstration,FALSE,FALSE,FALSE,FALSE,FALSE,FALSE,FALSE,10,70,39%,114,,14/06/2024
10,,4,49,60.00,Deep Dive :Amazon $3and the AWS CLI,FALSE,FALSE,FALSE,FALSE,FALSE,FALSE,FALSE,60,130,72%,114,,14/06/2024
10,,4,49,20.00,Exit Ticket,FALSE,FALSE,FALSE,TRUE,FALSE,FALSE,FALSE,20,150,83%,114,,14/06/2024
10,,4,49,35.00,Flex Time,FALSE,FALSE,TRUE,FALSE,FALSE,FALSE,FALSE,35,35,19%,115,,17/06/2024
10,,5,50,20.00,Recap,FALSE,FALSE,FALSE,FALSE,FALSE,FALSE,FALSE,20,55,31%,115,,17/06/2024
10,,5,50,50.00,Lab:Managing Storage,FALSE,FALSE,FALSE,FALSE,FALSE,FALSE,TRUE,50,105,58%,115,,17/06/2024
10,,5,50,15.00,Break,TRUE,FALSE,FALSE,FALSE,TRUE,FALSE,FALSE,0,105,58%,115,,17/06/2024
10,,5,50,40.00,AWS Storage Gateway,FALSE,FALSE,FALSE,FALSE,FALSE,FALSE,FALSE,40,145,81%,115,,17/06/2024
10,,5,50,45.00,AWS Data Transfer and Migration Services,FALSE,FALSE,FALSE,FALSE,FALSE,FALSE,FALSE,45,45,25%,116,,18/06/2024
10,,5,50,45.00,Lunch,FALSE,TRUE,FALSE,FALSE,TRUE,FALSE,FALSE,0,45,25%,116,,18/06/2024
10,,5,50,75.00,Challenge Lab:Amazon $3,FALSE,FALSE,FALSE,FALSE,FALSE,FALSE,TRUE,75,120,67%,116,,18/06/2024
10,,5,50,15.00,Break,TRUE,FALSE,FALSE,FALSE,TRUE,FALSE,FALSE,0,120,67%,116,,18/06/2024
10,,5,50,90.00,Caf Activity:Working with Amazon $3,FALSE,FALSE,FALSE,FALSE,FALSE,TRUE,FALSE,90,90,50%,117,,19/06/2024
10,,5,50,15.00,Knowledge Check (Storage and Archiving ),FALSE,FALSE,FALSE,FALSE,FALSE,FALSE,FALSE,15,105,58%,117,,19/06/2024
10,,5,50,15.00,Review Storage and Archiving,FALSE,FALSE,FALSE,FALSE,FALSE,FALSE,FALSE,15,120,67%,117,,19/06/2024
10,,5,50,20.00,Exit Ticket,FALSE,FALSE,FALSE,TRUE,FALSE,FALSE,FALSE,20,140,78%,117,,19/06/2024
10,,5,50,5.00,Flex Time,FALSE,FALSE,TRUE,FALSE,FALSE,FALSE,FALSE,5,145,81%,117,,19/06/2024
11,,1,51,20.00,Recap,FALSE,FALSE,FALSE,FALSE,FALSE,FALSE,FALSE,20,165,92%,117,,19/06/2024
11,,1,51,10.00,Introduce Monitoring and Security,FALSE,FALSE,FALSE,FALSE,FALSE,FALSE,FALSE,10,175,97%,117,,19/06/2024
11,,1,51,75.00,Amazon CloudWatch,FALSE,FALSE,FALSE,FALSE,FALSE,FALSE,FALSE,75,75,42%,118,,20/06/2024
11,,1,51,15.00,Break,TRUE,FALSE,FALSE,FALSE,TRUE,FALSE,FALSE,0,75,42%,118,,20/06/2024
11,,1,51,60.00,Deep Dive :Amazon CloudWatch -Logsand Events,FALSE,FALSE,FALSE,FALSE,FALSE,FALSE,FALSE,60,135,75%,118,,20/06/2024
11,,1,51,45.00,Lunch,FALSE,TRUE,FALSE,FALSE,TRUE,FALSE,FALSE,0,135,75%,118,,20/06/2024
11,,1,51,65.00,Lab:Monitoring your applications and infrastructure,FALSE,FALSE,FALSE,FALSE,FALSE,FALSE,TRUE,65,65,36%,119,,21/06/2024
11,,1,51,15.00,Break,TRUE,FALSE,FALSE,FALSE,TRUE,FALSE,FALSE,0,65,36%,119,,21/06/2024
11,,1,51,75.00,AWS Cloud Trail,FALSE,FALSE,FALSE,FALSE,FALSE,FALSE,FALSE,75,140,78%,119,,21/06/2024
11,,1,51,30.00,AWS Service Integration with Amazon Athena,FALSE,FALSE,FALSE,FALSE,FALSE,FALSE,FALSE,30,170,94%,119,,21/06/2024
11,,1,51,20.00,Exit Ticket,FALSE,FALSE,FALSE,TRUE,FALSE,FALSE,FALSE,20,20,11%,120,,24/06/2024
11,,1,51,20.00,Flex Time,FALSE,FALSE,TRUE,FALSE,FALSE,FALSE,FALSE,20,40,22%,120,,24/06/2024
11,,2,52,20.00,Recap 20,FALSE,FALSE,FALSE,FALSE,FALSE,FALSE,FALSE,20,60,33%,120,,24/06/2024
11,,2,52,90.00,Caf Activity:Working with AWS 90 Cloud Trail and Knowledge Check,FALSE,FALSE,FALSE,FALSE,FALSE,TRUE,FALSE,90,150,83%,120,,24/06/2024
11,,2,52,15.00,Break 15,TRUE,FALSE,FALSE,FALSE,TRUE,FALSE,FALSE,0,150,83%,120,,24/06/2024
11,,2,52,15.00,Review Monitoring and Security 15,FALSE,FALSE,FALSE,FALSE,FALSE,FALSE,FALSE,15,165,92%,120,,24/06/2024
11,,2,52,10.00,Introduce Managing Resource 10 Consumption,FALSE,FALSE,FALSE,FALSE,FALSE,FALSE,FALSE,10,175,97%,120,,24/06/2024
11,,2,52,25.00,Introduction to AWS Organizations 25,FALSE,FALSE,FALSE,FALSE,FALSE,FALSE,FALSE,25,25,14%,121,,25/06/2024
11,,2,52,45.00,Lunch 45,FALSE,TRUE,FALSE,FALSE,TRUE,FALSE,FALSE,0,25,14%,121,,25/06/2024
11,,2,52,35.00,Tagging 35,FALSE,FALSE,FALSE,FALSE,FALSE,FALSE,FALSE,35,60,33%,121,,25/06/2024
11,,2,52,30.00,Lab:Managing Resources with 30 Tagging,FALSE,FALSE,FALSE,FALSE,FALSE,FALSE,TRUE,30,90,50%,121,,25/06/2024
11,,2,52,65.00,Cost Management and Best 65 Practices and Billing Demonstration,FALSE,FALSE,FALSE,FALSE,FALSE,FALSE,FALSE,65,155,86%,121,,25/06/2024
11,,2,52,15.00,Break 15,TRUE,FALSE,FALSE,FALSE,TRUE,FALSE,FALSE,0,155,86%,121,,25/06/2024
11,,2,52,40.00,AWS Support Services 40,FALSE,FALSE,FALSE,FALSE,FALSE,FALSE,FALSE,40,40,22%,122,,26/06/2024
11,,2,52,20.00,Exit Ticket 20,FALSE,FALSE,FALSE,TRUE,FALSE,FALSE,FALSE,20,60,33%,122,,26/06/2024
11,,2,52,25.00,Flex Time 25,FALSE,FALSE,TRUE,FALSE,FALSE,FALSE,FALSE,25,85,47%,122,,26/06/2024
11,,3,53,20.00,Recap,FALSE,FALSE,FALSE,FALSE,FALSE,FALSE,FALSE,20,105,58%,122,,26/06/2024
11,,3,53,60.00,Caf Activity:Optimize Utilization and Knowledge Check,FALSE,FALSE,FALSE,FALSE,FALSE,TRUE,FALSE,60,165,92%,122,,26/06/2024
11,,3,53,15.00,Break,TRUE,FALSE,FALSE,FALSE,TRUE,FALSE,FALSE,0,165,92%,122,,26/06/2024
11,,3,53,15.00,Review Managing Resource Consumption,FALSE,FALSE,FALSE,FALSE,FALSE,FALSE,FALSE,15,180,100%,122,,26/06/2024
11,,3,53,75.00,Fact Finding exercise :Cloud,FALSE,FALSE,FALSE,FALSE,FALSE,FALSE,FALSE,75,75,42%,123,,27/06/2024
11,,3,53,45.00,Lunch,FALSE,TRUE,FALSE,FALSE,TRUE,FALSE,FALSE,0,75,42%,123,,27/06/2024
11,,3,53,65.00,Networking Event,FALSE,FALSE,FALSE,FALSE,FALSE,FALSE,FALSE,65,140,78%,123,,27/06/2024
11,,3,53,10.00,Introduce Creating Automated and Repeatable Deployments,FALSE,FALSE,FALSE,FALSE,FALSE,FALSE,FALSE,10,150,83%,123,,27/06/2024
11,,3,53,15.00,Break,TRUE,FALSE,FALSE,FALSE,TRUE,FALSE,FALSE,0,150,83%,123,,27/06/2024
11,,3,53,45.00,Creating Automated and Repeatable Deployments,FALSE,FALSE,FALSE,FALSE,FALSE,FALSE,FALSE,45,45,25%,124,,28/06/2024
11,,3,53,60.00,AMI Building Strategy,FALSE,FALSE,FALSE,FALSE,FALSE,FALSE,FALSE,60,105,58%,124,,28/06/2024
11,,3,53,20.00,Exit Ticket,FALSE,FALSE,FALSE,TRUE,FALSE,FALSE,FALSE,20,125,69%,124,,28/06/2024
11,,3,53,5.00,Flex Time,FALSE,FALSE,TRUE,FALSE,FALSE,FALSE,FALSE,5,130,72%,124,,28/06/2024
11,,4,54,20.00,Recap,FALSE,FALSE,FALSE,FALSE,FALSE,FALSE,FALSE,20,150,83%,124,,28/06/2024
11,,4,54,15.00,Amazon EC2 Launch Templates Demonstration,FALSE,FALSE,FALSE,FALSE,FALSE,FALSE,FALSE,15,165,92%,124,,28/06/2024
11,,4,54,15.00,Break,TRUE,FALSE,FALSE,FALSE,TRUE,FALSE,FALSE,0,165,92%,124,,28/06/2024
11,,4,54,30.00,Infrastructure as Code,FALSE,FALSE,FALSE,FALSE,FALSE,FALSE,FALSE,30,30,17%,125,,01/07/2024
11,,4,54,60.00,Introduction to JSON and YAML,FALSE,FALSE,FALSE,FALSE,FALSE,FALSE,FALSE,60,90,50%,125,,01/07/2024
11,,4,54,45.00,Lunch,FALSE,TRUE,FALSE,FALSE,TRUE,FALSE,FALSE,0,90,50%,125,,01/07/2024
11,,4,54,95.00,AWS CloudFormation,FALSE,FALSE,FALSE,FALSE,FALSE,FALSE,FALSE,95,95,53%,125,,01/07/2024
11,,4,54,15.00,Break,TRUE,FALSE,FALSE,FALSE,TRUE,FALSE,FALSE,0,95,53%,125,,01/07/2024
11,,4,54,90.00,Lab:Automate Deployments with AWS CloudFormation,FALSE,FALSE,FALSE,FALSE,FALSE,FALSE,TRUE,90,90,50%,126,,02/07/2024
11,,4,54,20.00,Exit Ticket,FALSE,FALSE,FALSE,TRUE,FALSE,FALSE,FALSE,20,110,61%,126,,02/07/2024
11,,4,54,45.00,Flex Time,FALSE,FALSE,TRUE,FALSE,FALSE,FALSE,FALSE,45,155,86%,126,,02/07/2024
11,,5,55,20.00,Recap,FALSE,FALSE,FALSE,FALSE,FALSE,FALSE,FALSE,20,175,97%,126,,02/07/2024
11,,5,55,60.00,Troubleshoot with AWS CloudFormation,FALSE,FALSE,FALSE,FALSE,FALSE,FALSE,FALSE,60,60,33%,127,,03/07/2024
11,,5,55,15.00,Break,TRUE,FALSE,FALSE,FALSE,TRUE,FALSE,FALSE,0,60,33%,127,,03/07/2024
11,,5,55,45.00,Caf Activity:Troubleshoot AWS CloudFormation Deployments,FALSE,FALSE,FALSE,FALSE,FALSE,TRUE,FALSE,45,105,58%,127,,03/07/2024
11,,5,55,45.00,Lunch,FALSE,TRUE,FALSE,FALSE,TRUE,FALSE,FALSE,0,105,58%,127,,03/07/2024
11,,5,55,60.00,Fact Finding Exercise : CloudFormation,FALSE,FALSE,FALSE,FALSE,FALSE,FALSE,FALSE,60,165,92%,127,,03/07/2024
11,,5,55,15.00,Break,TRUE,FALSE,FALSE,FALSE,TRUE,FALSE,FALSE,0,165,92%,127,,03/07/2024
11,,5,55,15.00,Knowledge Check (Creating Automated and Repeatable Deployments ),FALSE,FALSE,FALSE,FALSE,FALSE,FALSE,FALSE,15,180,100%,127,,03/07/2024
11,,5,55,15.00,Review Automated and Repeatable Deployments,FALSE,FALSE,FALSE,FALSE,FALSE,FALSE,FALSE,15,15,8%,128,,04/07/2024
11,,5,55,90.00,Challenge Lab:CloudFormation,FALSE,FALSE,FALSE,FALSE,FALSE,FALSE,TRUE,90,105,58%,128,,04/07/2024
11,,5,55,35.00,Exit Ticket,FALSE,FALSE,FALSE,TRUE,FALSE,FALSE,FALSE,35,140,78%,128,,04/07/2024
12,,1,56,20.00,Recap,FALSE,FALSE,FALSE,FALSE,FALSE,FALSE,FALSE,20,160,89%,128,,04/07/2024
12,,1,56,45.00,Work on Resume,FALSE,FALSE,FALSE,FALSE,FALSE,FALSE,FALSE,45,45,25%,129,,05/07/2024
12,,1,56,15.00,Break,TRUE,FALSE,FALSE,FALSE,TRUE,FALSE,FALSE,0,45,25%,129,,05/07/2024
12,,1,56,80.00,Interview practice,FALSE,FALSE,FALSE,FALSE,FALSE,FALSE,FALSE,80,125,69%,129,,05/07/2024
12,,1,56,45.00,Lunch,FALSE,TRUE,FALSE,FALSE,TRUE,FALSE,FALSE,0,125,69%,129,,05/07/2024
12,,1,56,90.00,Company Visit,FALSE,FALSE,FALSE,FALSE,FALSE,FALSE,FALSE,90,90,50%,130,,08/07/2024
12,,1,56,15.00,Break,TRUE,FALSE,FALSE,FALSE,TRUE,FALSE,FALSE,0,90,50%,130,,08/07/2024
12,,1,56,120.00,Company Visit,FALSE,FALSE,FALSE,FALSE,FALSE,FALSE,FALSE,120,120,67%,130,,08/07/2024
12,,1,56,20.00,Exit Ticket,FALSE,FALSE,FALSE,TRUE,FALSE,FALSE,FALSE,20,140,78%,130,,08/07/2024
12,,2,57,20.00,20Recap,FALSE,FALSE,FALSE,FALSE,FALSE,FALSE,FALSE,20,160,89%,130,,08/07/2024
12,,2,57,75.00,45Cloud Practitioner Essentials Knowledge Checks,FALSE,FALSE,FALSE,FALSE,FALSE,FALSE,FALSE,75,75,42%,131,,09/07/2024
12,,2,57,15.00,15Break,TRUE,FALSE,FALSE,FALSE,TRUE,FALSE,FALSE,0,75,42%,131,,09/07/2024
12,,2,57,80.00,80Cloud Practitioner Essentials Knowledge Checks,FALSE,FALSE,FALSE,FALSE,FALSE,FALSE,FALSE,80,155,86%,131,,09/07/2024
12,,2,57,45.00,45Lunch,FALSE,TRUE,FALSE,FALSE,TRUE,FALSE,FALSE,0,155,86%,131,,09/07/2024
12,,2,57,90.00,90Networking Event,FALSE,FALSE,FALSE,FALSE,FALSE,FALSE,FALSE,90,90,50%,132,,10/07/2024
12,,2,57,15.00,15Break,TRUE,FALSE,FALSE,FALSE,TRUE,FALSE,FALSE,0,90,50%,132,,10/07/2024
12,,2,57,90.00,120Networking Event,FALSE,FALSE,FALSE,FALSE,FALSE,FALSE,FALSE,90,180,100%,132,,10/07/2024
12,,2,57,20.00,20Exit Ticket,FALSE,FALSE,FALSE,TRUE,FALSE,FALSE,FALSE,20,20,11%,133,,11/07/2024
12,,3,58,20.00,Recap,FALSE,FALSE,FALSE,FALSE,FALSE,FALSE,FALSE,20,40,22%,133,,11/07/2024
12,,3,58,80.00,"Review product FAQ ,review AWS , AWS whitepapers ,exam blueprint",FALSE,FALSE,FALSE,FALSE,FALSE,FALSE,FALSE,80,120,67%,133,,11/07/2024
12,,3,58,15.00,Break,TRUE,FALSE,FALSE,FALSE,TRUE,FALSE,FALSE,0,120,67%,133,,11/07/2024
12,,3,58,85.00,"Review product FAQ ,review AWS , AWS whitepapers ,exam blueprint",FALSE,FALSE,FALSE,FALSE,FALSE,FALSE,FALSE,85,85,47%,134,,12/07/2024
12,,3,58,45.00,Lunch,FALSE,TRUE,FALSE,FALSE,TRUE,FALSE,FALSE,0,85,47%,134,,12/07/2024
12,,3,58,80.00,Mock exam and review,FALSE,FALSE,FALSE,FALSE,FALSE,FALSE,FALSE,80,165,92%,134,,12/07/2024
12,,3,58,15.00,Break,TRUE,FALSE,FALSE,FALSE,TRUE,FALSE,FALSE,0,165,92%,134,,12/07/2024
12,,3,58,85.00,Mock exam and review,FALSE,FALSE,FALSE,FALSE,FALSE,FALSE,FALSE,85,85,47%,135,,15/07/2024
12,,3,58,20.00,Exit Ticket,FALSE,FALSE,FALSE,TRUE,FALSE,FALSE,FALSE,20,105,58%,135,,15/07/2024
12,,4,59,20.00,Recap,FALSE,FALSE,FALSE,FALSE,FALSE,FALSE,FALSE,20,125,69%,135,,15/07/2024
12,,4,59,80.00,"Review product FAQ ,review AWS ,AWS whitepapers ,exam blueprint",FALSE,FALSE,FALSE,FALSE,FALSE,FALSE,FALSE,80,80,44%,136,,16/07/2024
12,,4,59,15.00,Break,TRUE,FALSE,FALSE,FALSE,TRUE,FALSE,FALSE,0,80,44%,136,,16/07/2024
12,,4,59,85.00,"Review product FAQ ,review AWS ,AWS whitepapers ,exam blueprint",FALSE,FALSE,FALSE,FALSE,FALSE,FALSE,FALSE,85,165,92%,136,,16/07/2024
12,,4,59,45.00,Lunch,FALSE,TRUE,FALSE,FALSE,TRUE,FALSE,FALSE,0,165,92%,136,,16/07/2024
12,,4,59,80.00,Mock exam and review,FALSE,FALSE,FALSE,FALSE,FALSE,FALSE,FALSE,80,80,44%,137,,17/07/2024
12,,4,59,15.00,Break,TRUE,FALSE,FALSE,FALSE,TRUE,FALSE,FALSE,0,80,44%,137,,17/07/2024
12,,4,59,85.00,Mock exam and review,FALSE,FALSE,FALSE,FALSE,FALSE,FALSE,FALSE,85,165,92%,137,,17/07/2024
12,,4,59,20.00,Exit Ticket,FALSE,FALSE,FALSE,TRUE,FALSE,FALSE,FALSE,20,20,11%,138,,18/07/2024
12,,5,60,20.00,Recap,FALSE,FALSE,FALSE,FALSE,FALSE,FALSE,FALSE,20,40,22%,138,,18/07/2024
12,,5,60,335.00,Exam day,FALSE,FALSE,FALSE,FALSE,FALSE,FALSE,FALSE,335,335,186%,139,,19/07/2024